,ref_1,A_1,C_1,G_1,T_1,call_1,new_calls_1,ref_2,A_2,C_2,G_2,T_2,new_calls_2
0,C,0.122,0.428,0.039,0.127,C,C,T,0.022,0.006,0.06,0.358,T
1,T,0.155,0.138,0.102,0.68,T,T,C,0.186,0.39,0.107,0.004,C
2,T,0.071,0.053,0.186,0.587,T,T,A,0.503,0.137,0.019,0.013,A
3,C,0.101,0.33,0.021,0.088,C,C,T,0.167,0.193,0.149,0.457,T
4,A,0.363,0.189,0.114,0.004,A,A,A,0.47,0.018,0.006,0.004,A
5,G,0.005,0.099,0.506,0.11,G,G,T,0.119,0.003,0.081,0.679,T
6,T,0.089,0.159,0.184,0.516,T,T,G,0.12,0.178,0.546,0.172,G
7,C,0,0.592,0.162,0.045,C,C,C,0.175,0.374,0.128,0.084,C
8,A,0.463,0.199,0.105,0.023,A,A,G,0.152,0.191,0.68,0.146,G
9,G,0.141,0.06,0.692,0.115,G,G,A,0.1,0.092,0.026,0.017,A
10,G,0.145,0.173,0.441,0.02,G,G,T,0.014,0.066,0.129,0.595,T
11,G,0.158,0.19,0.681,0.167,G,G,A,0.031,0.061,0.063,0.172,T
12,G,0.064,0.062,0.47,0.099,G,G,T,0.053,0.096,0.132,0.369,T
13,C,0.066,0.48,0.156,0.037,C,C,C,0.006,0.388,0.045,0.101,C
14,G,0.188,0.103,0.378,0.166,G,G,C,0.102,0.3,0.131,0.048,C
15,G,0.071,0.06,0.317,0.036,G,G,T,0.037,0.187,0.102,0.313,T
16,A,0.354,0.128,0.074,0.116,A,A,A,0.692,0.134,0.133,0.158,A
17,C,0.174,0.343,0.166,0.133,C,C,A,0.443,0.09,0.115,0.139,A
18,A,0.687,0.186,0.009,0.013,A,A,G,0.025,0.088,0.677,0.026,G
19,A,0.685,0.168,0.09,0.132,A,A,T,0.105,0.173,0.144,0.647,T
20,G,0.189,0.122,0.353,0.096,G,G,A,0.449,0.095,0.006,0.179,A
21,A,0.57,0.039,0.113,0.119,A,A,T,0.033,0.077,0.101,0.338,T
22,G,0.086,0.154,0.596,0.15,G,G,A,0.353,0.133,0.047,0.119,A
23,A,0.321,0.003,0.143,0.123,A,A,G,0.092,0.01,0.617,0.134,G
24,A,0.621,0.074,0.135,0.042,A,A,T,0.074,0.118,0.143,0.526,T
25,G,0.113,0.197,0.431,0.014,G,G,T,0.074,0.014,0.068,0.596,T
26,G,0.048,0.096,0.469,0.079,G,G,C,0.162,0.572,0.049,0.142,C
27,A,0.682,0.19,0.132,0.065,A,A,A,0.429,0.12,0.052,0.097,A
28,T,0.071,0.154,0.18,0.603,T,T,C,0.171,0.674,0.018,0.017,C
29,T,0.064,0.135,0.08,0.418,T,T,C,0.019,0.521,0.028,0.171,C
30,C,0.141,0.612,0.083,0.113,C,C,A,0.517,0.066,0.019,0.118,A
31,G,0.141,0.164,0.489,0.077,G,G,T,0.132,0.099,0.01,0.496,T
32,A,0.478,0.108,0.156,0.136,A,A,T,0.195,0.022,0.105,0.658,T
33,C,0.079,0.503,0.136,0.035,C,C,G,0.144,0.198,0.433,0.176,G
34,G,0.188,0.014,0.447,0.166,G,G,A,0,0,0,0,N
35,G,0.195,0.086,0.652,0.066,G,G,A,0.695,0.147,0.029,0.108,A
36,C,0.013,0.378,0.186,0.169,C,C,T,0.01,0.002,0.172,0.312,T
37,A,0.635,0.149,0.045,0.137,A,A,C,0.005,0.579,0.194,0.049,C
38,T,0.073,0.179,0.087,0.332,T,T,A,0.412,0.057,0.117,0.14,A
39,G,0.019,0.101,0.649,0.117,G,G,A,0.64,0.153,0.178,0.087,A
40,G,0.095,0.152,0.472,0.095,G,G,C,0.149,0.309,0.001,0.028,C
41,G,0.092,0.166,0.671,0.067,G,G,C,0.171,0.314,0.138,0.198,C
42,T,0.181,0.141,0.052,0.63,T,T,A,0.664,0.014,0.141,0.004,A
43,G,0.198,0.091,0.525,0.144,G,G,A,0.025,0.163,0.07,0.028,C
44,T,0.087,0.117,0.15,0.343,T,T,A,0.467,0.184,0.05,0.097,A
45,T,0,0,0,0,N,N,T,0.154,0.154,0.149,0.657,T
46,A,0.61,0.179,0.019,0.02,A,A,T,0.045,0.192,0.184,0.379,T
47,G,0.159,0.194,0.338,0.007,G,G,T,0.069,0.03,0.078,0.498,T
48,A,0.63,0.07,0.118,0.055,A,A,A,0.525,0.059,0.173,0.105,A
49,T,0.02,0.035,0.175,0.567,T,T,G,0.059,0.055,0.478,0.142,G
50,T,0.145,0.115,0.084,0.595,T,T,T,0.186,0.085,0.042,0.386,T
51,C,0.133,0.302,0.078,0.178,C,C,C,0.136,0.695,0.167,0.048,C
52,T,0.011,0.141,0.036,0.364,T,T,A,0.471,0.152,0.191,0.133,A
53,C,0.139,0.306,0.154,0.168,C,C,G,0.008,0.033,0.41,0.079,G
54,C,0.158,0.66,0.044,0.162,C,C,C,0.069,0.458,0.162,0.179,C
55,T,0.14,0.036,0.099,0.657,T,T,C,0.145,0.386,0.178,0.007,C
56,G,0.084,0.164,0.364,0.071,G,G,G,0.004,0.003,0.396,0.004,G
57,C,0.011,0.49,0.098,0.107,C,C,G,0.149,0.127,0.381,0.2,G
58,T,0.105,0.127,0.004,0.341,T,T,A,0.544,0.1,0.131,0.079,A
59,T,0.095,0.02,0.03,0.471,T,T,A,0.606,0.04,0.055,0.032,A
60,C,0.194,0.376,0.044,0.062,C,C,G,0.047,0.107,0.357,0.042,G
61,G,0.066,0.099,0.656,0.092,G,G,C,0.113,0.618,0.057,0.172,C
62,G,0.094,0.094,0.606,0.157,G,G,A,0.103,0.118,0.037,0.123,T
63,T,0.021,0.185,0.19,0.413,T,T,C,0.094,0.687,0.128,0.064,C
64,T,0,0.131,0.189,0.638,T,T,C,0.056,0.175,0.191,0.165,G
65,A,0.318,0.005,0.145,0.043,A,A,C,0.086,0.559,0.119,0.042,C
66,G,0.022,0.131,0.395,0.053,G,G,G,0.177,0.029,0.526,0.046,G
67,G,0.187,0.044,0.52,0.087,G,G,A,0.036,0.045,0.096,0.185,T
68,C,0.002,0.56,0.037,0.172,C,C,T,0.136,0.181,0.067,0.569,T
69,A,0.478,0.017,0.033,0.072,A,A,G,0.12,0.104,0.457,0.063,G
70,C,0.045,0.501,0.005,0.177,C,C,A,0.418,0.018,0.184,0.143,A
71,C,0.119,0.549,0.185,0.124,C,C,T,0.073,0.149,0.052,0.67,T
72,T,0.145,0.114,0.094,0.685,T,T,C,0.197,0.483,0.092,0.173,C
73,A,0.69,0.148,0.188,0.139,A,A,G,0.103,0.049,0.407,0.188,G
74,C,0.019,0.469,0.147,0.121,C,C,C,0.096,0.589,0.001,0.143,C
75,C,0.033,0.559,0.152,0.182,C,C,T,0.149,0.029,0.16,0.461,T
76,C,0.108,0.627,0.059,0.068,C,C,T,0.167,0.15,0.099,0.405,T
77,C,0.199,0.461,0.038,0.07,C,C,A,0.654,0.174,0.031,0.024,A
78,T,0.043,0.007,0.097,0.561,T,T,T,0.153,0.028,0.18,0.562,T
79,T,0.051,0.169,0.022,0.646,T,T,G,0.169,0.076,0.581,0.139,G
80,A,0.623,0.002,0.008,0.105,A,A,T,0.155,0.182,0.156,0.385,T
81,G,0.173,0.116,0.639,0.013,G,G,G,0.043,0.049,0.361,0.175,G
82,C,0.126,0.692,0.137,0.183,C,C,G,0.14,0.065,0.461,0.028,G
83,T,0.138,0.019,0.169,0.682,T,T,A,0.437,0.109,0.144,0.148,A
84,T,0.085,0.189,0.021,0.474,T,T,C,0.172,0.476,0.123,0.129,C
85,A,0.55,0.187,0.009,0.122,A,A,G,0.068,0.116,0.668,0.117,G
86,A,0.515,0.195,0.088,0.023,A,A,G,0.019,0.153,0.368,0.086,G
87,C,0.171,0.649,0,0.174,C,C,T,0.15,0.13,0.146,0.575,T
88,T,0.132,0.088,0.12,0.646,T,T,G,0.103,0.046,0.623,0.128,G
89,A,0.558,0.134,0.15,0.146,A,A,C,0.027,0.592,0.067,0.125,C
90,A,0.651,0.027,0.19,0.024,A,A,T,0.155,0.136,0.178,0.351,T
91,T,0.138,0.053,0.028,0.466,T,T,C,0.122,0.571,0.18,0.063,C
92,C,0.024,0.578,0.051,0.046,C,C,T,0.162,0.051,0.169,0.455,T
93,G,0.017,0.057,0.585,0.058,G,G,C,0.033,0.65,0.018,0.115,C
94,A,0.573,0.026,0.132,0.046,A,A,A,0.637,0.018,0.098,0.08,A
95,A,0.129,0.026,0.138,0.099,G,G,C,0.046,0.596,0.022,0.018,C
96,A,0.581,0.051,0.159,0.096,A,A,G,0.102,0.125,0.434,0.09,G
97,G,0.186,0.027,0.638,0.151,G,G,C,0.005,0.664,0.024,0.088,C
98,G,0.033,0.134,0.524,0.192,G,G,A,0.146,0.074,0.192,0.057,G
99,G,0,0,0,0,N,N,G,0.088,0.146,0.429,0.062,G
100,A,0.461,0.05,0.105,0.011,A,A,C,0.099,0.497,0.07,0.063,C
101,T,0.077,0.193,0.037,0.607,T,T,C,0.188,0.658,0.199,0.123,C
102,A,0.483,0.011,0.014,0.07,A,A,G,0.169,0.071,0.427,0.179,G
103,A,0.487,0.099,0.164,0.035,A,A,C,0.121,0.501,0.153,0.118,C
104,G,0.006,0.182,0.596,0.172,G,G,T,0.131,0.137,0.16,0.322,T
105,C,0.07,0.379,0.138,0.07,C,C,T,0.152,0.117,0.005,0.636,T
106,C,0.02,0.688,0.177,0.089,C,C,A,0.567,0.162,0.088,0.083,A
107,G,0.173,0.056,0.401,0.115,G,G,G,0.077,0.015,0.458,0.136,G
108,C,0.133,0.389,0.03,0.071,C,C,T,0.175,0.122,0.059,0.439,T
109,G,0.039,0.022,0.6,0.112,G,G,T,0.048,0.119,0.169,0.571,T
110,A,0.581,0.086,0.174,0.04,A,A,A,0.663,0.105,0.195,0.035,A
111,G,0.16,0.064,0.338,0.005,G,G,G,0.165,0.014,0.694,0.174,G
112,G,0.02,0.028,0.627,0.131,G,G,A,0.613,0.199,0.199,0.125,A
113,G,0,0,0,0,N,N,G,0,0.051,0.365,0.063,G
114,C,0.056,0.315,0.088,0.073,C,C,T,0.177,0.148,0.034,0.329,T
115,G,0.034,0.028,0.683,0.051,G,G,C,0.064,0.396,0.09,0.009,C
116,G,0.099,0.1,0.693,0.047,G,G,G,0.02,0.093,0.634,0.189,G
117,T,0.164,0.187,0.154,0.435,T,T,G,0.121,0.13,0.49,0.124,G
118,G,0.031,0.126,0.632,0.148,G,G,A,0.098,0.049,0.027,0.003,A
119,T,0.189,0.186,0.006,0.578,T,T,A,0.689,0.009,0.16,0.05,A
120,C,0.133,0.482,0.123,0.032,C,C,T,0.175,0.131,0.073,0.354,T
121,G,0.016,0.135,0.35,0.152,G,G,T,0.11,0.061,0.03,0.462,T
122,G,0.195,0.129,0.697,0.159,G,G,A,0.442,0.149,0.011,0.116,A
123,A,0.645,0.177,0.024,0.091,A,A,C,0.04,0.676,0.192,0.108,C
124,T,0.181,0.055,0.15,0.374,T,T,G,0.004,0.088,0.372,0.094,G
125,T,0.035,0.042,0.086,0.382,T,T,C,0.18,0.485,0.157,0.03,C
126,T,0.123,0.073,0.104,0.417,T,T,A,0.564,0.015,0.008,0.166,A
127,G,0.035,0.06,0.411,0.102,G,G,A,0.029,0.061,0.105,0.117,T
128,T,0.13,0.144,0.112,0.519,T,T,G,0.154,0.076,0.461,0.195,G
129,T,0.031,0.186,0.086,0.665,T,T,C,0.038,0.61,0.122,0.197,C
130,T,0.146,0.181,0.113,0.431,T,T,C,0.071,0.693,0.165,0.117,C
131,T,0.166,0.018,0.159,0.655,T,T,G,0.168,0.125,0.559,0.114,G
132,T,0.087,0.105,0.094,0.502,T,T,A,0.576,0.075,0.199,0.131,A
133,A,0.503,0.04,0.026,0.137,A,A,T,0.106,0.183,0.048,0.524,T
134,C,0.167,0.425,0.127,0.061,C,C,C,0.156,0.301,0.176,0.027,C
135,C,0.193,0.396,0.071,0.067,C,C,G,0.107,0.053,0.624,0.035,G
136,A,0.357,0.198,0.169,0.142,A,A,T,0.033,0.191,0.197,0.613,T
137,T,0.131,0.157,0.087,0.45,T,T,A,0.61,0.114,0.059,0.038,A
138,T,0.014,0.108,0.139,0.542,T,T,C,0.177,0.333,0.071,0.097,C
139,T,0.112,0.177,0.188,0.357,T,T,C,0.021,0.56,0.157,0.116,C
140,T,0.044,0.03,0.003,0.038,A,A,A,0.371,0.108,0.007,0.172,A
141,T,0.164,0.127,0.117,0.42,T,T,G,0,0,0,0,N
142,A,0.586,0.053,0.008,0.011,A,A,G,0.2,0.177,0.672,0.028,G
143,G,0.117,0.079,0.539,0.013,G,G,C,0.041,0.579,0.074,0.088,C
144,A,0.646,0.037,0.116,0.047,A,A,C,0.17,0.475,0.06,0.148,C
145,T,0.085,0.054,0.115,0.614,T,T,G,0.11,0.134,0.354,0.132,G
146,A,0.129,0.195,0.11,0.164,C,C,G,0.028,0.065,0.494,0.183,G
147,G,0.168,0.003,0.379,0.123,G,G,A,0,0,0,0,N
148,C,0.001,0.511,0.087,0.178,C,C,C,0.199,0.564,0.199,0.154,C
149,A,0.486,0.154,0.018,0.042,A,A,A,0.482,0.09,0.052,0.009,A
150,A,0.497,0.142,0.116,0.086,A,A,C,0.107,0.694,0.033,0.01,C
151,A,0.677,0.053,0.136,0.153,A,A,A,0.414,0.036,0.057,0.062,A
152,A,0.699,0.004,0.035,0.184,A,A,G,0.111,0.035,0.356,0.184,G
153,T,0.169,0.091,0.157,0.369,T,T,C,0.111,0.389,0.088,0.049,C
154,T,0.089,0.127,0.019,0.618,T,T,T,0.039,0.049,0.109,0.664,T
155,C,0.085,0.378,0.09,0.067,C,C,C,0.193,0.403,0.034,0.065,C
156,C,0.057,0.603,0.097,0.173,C,C,T,0,0.055,0.022,0.625,T
157,G,0.13,0.089,0.319,0.046,G,G,A,0.017,0.008,0.001,0.131,T
158,T,0.184,0.166,0.118,0.628,T,T,G,0.148,0.191,0.457,0.152,G
159,G,0.029,0.181,0.54,0.126,G,G,G,0.183,0.01,0.651,0.027,G
160,C,0.141,0.352,0.167,0.186,C,C,G,0.012,0.111,0.646,0.095,G
161,G,0.11,0.09,0.415,0.197,G,G,A,0.184,0.037,0.196,0.092,G
162,C,0.091,0.498,0.119,0.097,C,C,G,0.113,0.147,0.446,0.074,G
163,G,0.052,0.043,0.487,0.138,G,G,G,0.045,0.175,0.66,0.056,G
164,A,0.458,0.157,0.135,0.092,A,A,C,0.141,0.68,0.132,0.155,C
165,C,0.124,0.421,0.154,0.186,C,C,A,0.488,0.182,0.169,0.018,A
166,C,0.028,0.015,0.158,0.035,G,G,G,0.006,0.176,0.436,0.151,G
167,C,0.198,0.615,0.032,0.195,C,C,A,0.674,0.059,0.006,0.043,A
168,C,0.045,0.415,0.001,0.167,C,C,G,0.024,0.185,0.558,0.148,G
169,T,0.182,0.018,0.134,0.491,T,T,A,0.415,0.075,0.085,0.004,A
170,C,0.065,0.563,0.063,0.164,C,C,A,0.366,0.076,0.076,0.01,A
171,A,0.429,0.002,0.081,0.14,A,A,G,0.182,0.165,0.451,0.136,G
172,G,0.175,0.075,0.535,0.113,G,G,G,0.154,0.127,0.68,0.184,G
173,A,0.665,0.16,0.061,0.165,A,A,G,0.017,0.185,0.626,0.164,G
174,T,0.149,0.192,0.145,0.648,T,T,C,0.017,0.575,0.115,0.006,C
175,G,0.133,0.098,0.38,0.166,G,G,T,0.102,0.007,0.019,0.503,T
176,C,0.056,0.477,0.002,0.019,C,C,C,0.083,0.609,0.091,0.047,C
177,A,0.303,0.049,0.021,0.086,A,A,G,0.103,0.008,0.55,0.075,G
178,G,0.172,0.059,0.347,0.195,G,G,A,0.197,0.022,0.14,0.108,A
179,G,0.131,0.032,0.648,0.121,G,G,C,0.103,0.454,0.175,0.12,C
180,G,0.126,0.129,0.42,0.189,G,G,A,0.669,0.174,0.074,0.012,A
181,T,0.061,0.02,0.174,0.058,G,G,A,0.687,0.164,0.05,0.032,A
182,C,0.141,0.414,0.047,0.024,C,C,A,0.355,0.08,0.027,0.034,A
183,G,0.188,0.024,0.481,0.179,G,G,C,0.141,0.386,0.164,0.133,C
184,T,0.093,0.084,0.051,0.559,T,T,A,0.484,0.05,0.169,0.078,A
185,C,0.127,0.484,0.128,0.154,C,C,A,0.691,0.196,0.121,0.008,A
186,C,0.137,0.588,0.025,0.137,C,C,C,0.059,0.697,0.087,0.075,C
187,G,0.006,0.152,0.471,0.144,G,G,A,0.006,0.128,0.114,0.098,C
188,C,0.144,0.462,0.038,0.093,C,C,G,0.016,0.194,0.433,0.014,G
189,T,0.116,0.113,0.148,0.689,T,T,A,0.536,0.199,0.028,0.042,A
190,T,0.111,0.161,0.138,0.683,T,T,G,0.099,0.004,0.432,0.192,G
191,G,0.19,0.159,0.464,0.13,G,G,C,0.01,0.415,0.12,0.093,C
192,C,0.078,0.439,0.161,0.148,C,C,G,0.018,0.198,0.692,0.193,G
193,C,0.092,0.588,0.011,0.095,C,C,C,0.176,0.557,0.04,0.196,C
194,A,0.461,0.19,0.033,0.087,A,A,A,0.634,0.164,0.115,0.01,A
195,T,0,0.108,0.072,0.351,T,T,A,0.53,0.163,0.165,0.175,A
196,T,0.191,0.106,0.032,0.65,T,T,G,0.073,0.02,0.453,0.193,G
197,T,0.161,0.109,0.089,0.599,T,T,G,0.093,0.116,0.595,0.042,G
198,A,0.41,0.107,0.199,0.071,A,A,C,0.157,0.332,0.162,0.057,C
199,G,0.165,0.126,0.643,0.057,G,G,A,0.602,0.189,0.092,0.003,A
200,T,0.159,0.193,0.019,0.488,T,T,C,0.105,0.662,0.07,0.031,C
201,G,0.004,0.143,0.606,0.074,G,G,C,0.112,0.459,0.051,0.065,C
202,T,0.036,0.005,0.145,0.629,T,T,C,0.175,0.592,0.176,0.159,C
203,G,0.092,0.186,0.693,0.142,G,G,A,0.03,0.123,0.188,0.136,G
204,A,0.443,0.024,0.126,0.086,A,A,C,0.187,0.692,0.049,0.076,C
205,C,0.176,0.651,0.176,0.109,C,C,G,0.148,0.165,0.583,0.019,G
206,G,0.01,0.078,0.555,0.075,G,G,A,0.661,0.022,0.167,0.045,A
207,A,0.319,0.182,0.003,0.007,A,A,T,0.039,0.058,0.078,0.475,T
208,G,0.024,0.127,0.398,0.07,G,G,G,0.147,0.017,0.504,0.132,G
209,G,0.096,0.042,0.39,0.063,G,G,G,0.004,0.125,0.491,0.113,G
210,G,0.066,0.004,0.358,0.169,G,G,G,0.161,0.141,0.587,0.085,G
211,T,0.102,0.138,0.103,0.667,T,T,C,0.154,0.679,0.053,0.013,C
212,C,0.183,0.687,0.066,0.072,C,C,T,0.175,0.078,0.134,0.691,T
213,A,0.564,0.112,0.032,0.153,A,A,G,0.027,0.17,0.588,0.016,G
214,T,0.176,0.114,0.132,0.391,T,T,A,0.312,0.195,0.107,0.186,A
215,G,0.169,0.067,0.515,0.12,G,G,T,0.043,0.127,0.139,0.562,T
216,A,0.323,0.04,0.019,0.165,A,A,A,0.47,0.049,0.021,0.019,A
217,C,0.009,0.564,0.166,0.072,C,C,G,0.037,0.101,0.43,0.103,G
218,T,0.046,0.017,0.142,0.446,T,T,T,0.183,0.083,0.128,0.53,T
219,A,0.451,0.024,0.083,0.198,A,A,A,0.304,0.173,0.031,0.098,A
220,T,0.077,0.111,0.017,0.548,T,T,A,0.598,0.178,0.171,0.046,A
221,C,0.037,0.334,0.188,0.035,C,C,G,0.172,0.04,0.363,0.063,G
222,C,0.012,0.469,0.185,0.021,C,C,C,0.191,0.497,0.116,0.12,C
223,T,0.042,0.19,0.034,0.374,T,T,T,0.14,0.07,0.191,0.692,T
224,T,0.121,0.111,0.168,0.698,T,T,G,0.111,0.081,0.401,0.168,G
225,G,0.11,0.164,0.482,0.155,G,G,C,0.09,0.41,0.106,0.017,C
226,C,0,0,0,0,N,N,C,0.125,0.366,0.127,0.186,C
227,T,0.148,0.133,0.012,0.326,T,T,A,0.586,0.011,0.023,0.038,A
228,A,0.579,0.027,0.026,0.08,A,A,A,0.468,0.026,0.093,0.171,A
229,T,0.176,0.109,0.018,0.555,T,T,T,0.15,0.193,0.179,0.444,T
230,G,0.153,0.143,0.577,0.081,G,G,T,0.186,0.19,0.051,0.428,T
231,T,0.006,0.002,0.033,0.574,T,T,T,0.128,0.152,0.2,0.673,T
232,A,0.664,0.026,0.106,0.033,A,A,T,0.079,0.133,0.175,0.343,T
233,G,0.021,0.071,0.607,0.124,G,G,A,0.011,0.143,0.171,0.044,G
234,G,0.131,0.082,0.649,0.021,G,G,C,0.1,0.399,0.138,0.018,C
235,T,0.038,0.194,0.189,0.409,T,T,T,0.078,0.176,0.195,0.552,T
236,C,0.035,0.391,0.046,0.188,C,C,T,0.043,0.145,0.14,0.528,T
237,G,0.143,0.178,0.61,0.117,G,G,C,0.073,0.501,0.054,0.072,C
238,T,0.1,0.162,0.173,0.622,T,T,C,0.145,0.447,0.127,0.135,C
239,T,0.077,0.06,0.191,0.692,T,T,A,0.475,0.147,0.006,0.106,A
240,A,0.529,0.167,0.158,0.046,A,A,G,0.098,0.187,0.402,0.043,G
241,C,0.12,0.652,0.009,0.038,C,C,A,0.359,0.103,0.099,0.121,A
242,A,0.446,0.074,0.063,0.136,A,A,T,0.082,0.148,0.048,0.471,T
243,A,0.314,0.172,0.12,0.175,A,A,T,0.014,0.024,0.169,0.686,T
244,A,0,0,0,0,N,N,G,0,0,0,0,N
245,G,0.195,0.174,0.554,0.166,G,G,T,0.073,0.143,0,0.468,T
246,A,0.119,0.2,0.179,0.099,C,C,A,0.38,0.03,0.075,0.08,A
247,T,0.149,0.02,0.07,0.631,T,T,G,0.003,0.172,0.325,0.042,G
248,T,0.055,0.012,0.049,0.668,T,T,G,0.097,0.052,0.331,0.024,G
249,A,0,0.138,0.184,0.17,G,G,C,0.045,0.627,0.023,0.195,C
250,C,0.145,0.696,0.116,0.163,C,C,C,0.116,0.517,0.084,0.187,C
251,C,0.137,0.428,0.108,0.05,C,C,A,0.689,0.174,0.005,0.078,A
252,A,0.492,0.148,0.117,0.119,A,A,C,0.116,0.576,0.156,0.083,C
253,C,0.117,0.414,0.066,0.107,C,C,A,0.513,0.056,0.138,0.169,A
254,C,0.167,0.359,0.088,0.193,C,C,A,0.543,0.128,0.058,0.125,A
255,G,0.152,0.067,0.568,0.15,G,G,A,0,0,0,0,N
256,C,0.045,0.521,0.095,0.083,C,C,C,0.115,0.485,0.096,0.108,C
257,C,0.188,0.399,0.143,0.05,C,C,T,0.141,0.056,0.17,0.484,T
258,T,0.023,0.169,0.052,0.568,T,T,C,0.12,0.524,0.138,0.127,C
259,T,0.055,0.156,0.108,0.307,T,T,C,0.075,0.526,0.196,0.057,C
260,G,0.131,0.004,0.451,0.062,G,G,C,0.001,0.528,0.17,0.143,C
261,A,0.598,0.161,0.173,0.193,A,A,A,0.668,0.037,0.183,0.194,A
262,C,0.029,0.461,0.126,0.156,C,C,G,0.095,0.007,0.445,0.141,G
263,A,0.635,0.126,0.147,0.11,A,A,A,0.39,0.196,0.153,0.068,A
264,A,0.371,0.185,0.152,0.07,A,A,G,0.194,0.048,0.557,0.048,G
265,C,0.199,0.697,0.182,0.056,C,C,C,0.082,0.695,0.035,0.2,C
266,C,0.015,0.683,0.068,0.155,C,C,A,0,0,0,0,N
267,C,0.002,0.546,0.111,0.02,C,C,C,0.031,0.583,0.047,0.197,C
268,T,0.171,0.151,0.105,0.458,T,T,C,0.1,0.603,0.191,0.173,C
269,G,0.085,0.071,0.387,0.068,G,G,A,0,0.021,0.16,0.067,G
270,G,0.161,0.166,0.56,0.175,G,G,C,0.048,0.494,0.016,0.056,C
271,G,0.111,0.001,0.388,0.027,G,G,G,0.095,0.132,0.611,0.186,G
272,T,0.133,0.029,0.04,0.417,T,T,A,0.628,0.073,0.05,0,A
273,A,0.31,0.034,0.082,0.011,A,A,G,0.106,0.028,0.436,0.137,G
274,T,0.118,0.042,0.133,0.36,T,T,G,0.115,0.122,0.474,0.163,G
275,C,0.162,0.686,0.117,0.058,C,C,T,0.031,0.077,0.171,0.69,T
276,A,0.318,0.179,0.136,0.111,A,A,A,0.476,0.067,0.07,0.107,A
277,C,0.169,0.699,0.091,0.073,C,C,T,0.018,0.012,0.182,0.58,T
278,T,0.045,0.013,0.176,0.528,T,T,C,0.048,0.375,0.137,0.085,C
279,C,0.034,0.578,0.06,0.163,C,C,A,0.589,0.111,0.014,0.172,A
280,T,0.111,0.068,0.054,0.517,T,T,G,0.161,0.1,0.482,0.129,G
281,A,0.677,0.188,0.157,0.186,A,A,A,0.429,0.136,0.027,0.037,A
282,C,0.161,0.4,0.046,0.111,C,C,A,0.388,0.131,0.016,0.024,A
283,A,0.425,0.064,0.082,0.199,A,A,T,0.049,0.113,0.15,0.538,T
284,G,0.147,0.152,0.375,0.091,G,G,G,0.099,0.101,0.374,0.183,G
285,T,0.066,0.126,0.084,0.124,C,C,C,0.174,0.397,0.135,0.007,C
286,C,0.075,0.359,0.178,0.077,C,C,G,0.017,0.136,0.662,0.075,G
287,T,0.06,0.038,0.122,0.678,T,T,A,0.503,0.064,0.185,0.047,A
288,T,0.199,0.031,0.151,0.316,T,T,T,0.022,0.045,0.003,0.505,T
289,A,0.331,0.115,0.131,0.042,A,A,G,0.105,0.138,0.593,0.081,G
290,T,0,0,0,0,N,N,C,0.114,0.379,0.131,0.186,C
291,T,0.109,0.191,0.14,0.402,T,T,C,0.165,0.368,0.176,0.046,C
292,C,0.167,0.654,0.135,0.017,C,C,T,0.042,0.155,0.027,0.448,T
293,T,0.11,0.005,0.186,0.458,T,T,A,0.628,0.01,0.121,0.105,A
294,A,0.517,0.039,0.185,0.097,A,A,A,0.607,0.061,0.184,0.18,A
295,G,0.074,0.014,0.543,0.122,G,G,G,0.179,0.145,0.471,0.121,G
296,C,0.033,0.314,0.075,0.145,C,C,C,0.125,0.348,0.191,0.125,C
297,C,0.103,0.477,0.098,0.159,C,C,G,0.091,0.195,0.541,0.067,G
298,T,0.077,0.047,0.19,0.382,T,T,G,0.009,0.022,0.422,0.038,G
299,C,0.127,0.573,0.141,0.047,C,C,G,0.067,0.128,0.323,0.171,G
300,G,0.016,0.16,0.536,0.079,G,G,G,0.091,0.164,0.476,0.046,G
301,C,0.099,0.327,0.012,0.117,C,C,G,0.178,0.088,0.318,0.062,G
302,T,0.081,0.001,0.003,0.621,T,T,C,0.006,0.454,0.127,0.118,C
303,A,0.436,0.119,0.138,0.057,A,A,A,0.328,0.168,0.151,0.154,A
304,G,0.147,0.197,0.533,0.176,G,G,G,0.19,0.122,0.598,0.013,G
305,G,0.045,0.1,0.309,0.169,G,G,G,0.077,0.042,0.631,0.022,G
306,A,0.585,0.003,0.09,0.04,A,A,A,0.564,0.027,0.125,0.04,A
307,G,0.023,0.026,0.505,0.079,G,G,T,0.157,0.018,0.114,0.373,T
308,C,0.122,0.409,0.047,0.077,C,C,C,0.015,0.451,0.132,0.021,C
309,G,0.154,0.114,0.676,0.181,G,G,A,0.161,0.125,0.03,0.101,A
310,C,0.147,0.464,0.199,0.072,C,C,A,0.399,0.053,0.199,0.101,A
311,T,0.035,0.134,0.107,0.403,T,T,G,0.014,0.177,0.665,0.168,G
312,C,0.107,0.611,0.092,0.003,C,C,T,0.138,0.049,0.155,0.335,T
313,G,0.145,0.073,0.423,0.039,G,G,G,0.136,0.138,0.013,0.086,C
314,C,0.183,0.087,0.023,0.055,A,A,A,0.531,0.017,0.166,0.026,A
315,T,0.068,0.065,0.153,0.573,T,T,A,0.49,0.157,0.179,0.058,A
316,T,0.014,0.152,0.056,0.549,T,T,A,0.441,0.152,0.093,0.022,A
317,C,0.019,0.333,0.186,0.079,C,C,T,0.029,0.162,0.03,0.525,T
318,A,0.635,0.163,0.004,0.078,A,A,G,0.129,0.189,0.695,0.036,G
319,C,0.03,0.362,0.132,0.05,C,C,A,0.595,0.196,0.141,0.101,A
320,C,0.146,0.38,0.049,0.071,C,C,A,0.355,0.036,0.002,0.047,A
321,A,0.399,0.046,0.053,0.067,A,A,T,0.089,0.089,0.168,0.454,T
322,G,0,0.048,0.574,0.064,G,G,C,0.113,0.405,0.145,0.188,C
323,A,0.479,0.183,0.092,0.076,A,A,A,0.41,0.001,0.15,0.098,A
324,C,0.131,0.555,0.139,0.1,C,C,T,0.102,0.15,0.12,0.351,T
325,T,0.148,0.132,0.134,0.352,T,T,A,0.559,0.103,0.147,0.082,A
326,A,0.653,0.094,0.064,0.042,A,A,A,0.528,0.185,0.171,0.127,A
327,A,0.38,0.14,0.187,0.133,A,A,G,0.058,0.053,0.581,0.066,G
328,A,0.148,0.083,0.094,0.186,T,T,C,0.191,0.601,0.195,0.114,C
329,C,0.181,0.431,0.067,0.131,C,C,T,0.02,0.137,0.066,0.509,T
330,G,0.007,0.014,0.688,0.061,G,G,A,0.645,0.145,0.194,0.14,A
331,C,0.177,0.372,0.033,0.105,C,C,C,0.036,0.396,0.021,0.059,C
332,T,0.128,0.068,0.116,0.386,T,T,A,0.666,0.051,0.094,0.067,A
333,G,0.195,0.154,0.613,0.053,G,G,C,0.076,0.682,0.097,0.162,C
334,G,0.066,0.032,0.315,0.182,G,G,T,0.147,0.128,0.041,0.317,T
335,G,0.005,0.093,0.5,0.179,G,G,C,0.195,0.452,0.026,0.175,C
336,G,0.07,0.014,0.597,0.104,G,G,T,0.188,0.074,0.1,0.698,T
337,A,0.667,0.197,0.087,0.132,A,A,G,0.093,0.129,0.112,0.16,T
338,A,0.401,0.113,0.114,0.194,A,A,T,0.093,0.063,0.029,0.543,T
339,G,0.186,0.04,0.612,0.192,G,G,A,0.136,0.142,0.115,0.034,C
340,C,0.191,0.441,0.112,0.038,C,C,C,0.1,0.63,0.086,0.118,C
341,T,0.182,0.093,0.104,0.373,T,T,T,0.186,0.058,0.04,0.637,T
342,G,0.026,0.005,0.363,0.089,G,G,A,0.515,0.124,0.102,0.028,A
343,T,0.1,0.085,0.019,0.504,T,T,A,0.632,0.125,0.023,0.135,A
344,C,0.068,0.508,0.095,0.029,C,C,A,0.477,0.125,0.038,0.156,A
345,A,0.369,0.096,0.002,0.185,A,A,A,0.446,0.15,0.165,0.085,A
346,A,0.356,0.128,0.175,0.081,A,A,A,0.652,0.168,0.078,0.169,A
347,G,0.141,0.08,0.633,0.101,G,G,C,0.018,0.337,0.198,0.004,C
348,G,0.199,0.15,0.402,0.094,G,G,A,0.312,0.014,0.097,0.007,A
349,G,0.176,0.121,0.531,0.182,G,G,A,0.107,0.092,0.157,0.084,G
350,C,0.112,0.514,0.197,0.114,C,C,G,0.015,0.079,0.63,0.153,G
351,G,0.185,0.024,0.634,0.195,G,G,T,0.18,0.071,0.108,0.393,T
352,A,0.332,0.102,0.064,0.025,A,A,A,0.307,0.022,0.005,0.115,A
353,C,0.04,0.566,0.164,0.072,C,C,A,0.587,0.163,0.012,0.037,A
354,G,0.163,0.148,0.446,0.179,G,G,T,0.079,0.011,0.061,0.486,T
355,G,0.147,0.016,0.648,0.047,G,G,C,0.132,0.564,0.199,0.063,C
356,G,0.174,0.163,0.561,0.181,G,G,G,0.156,0.185,0.69,0.164,G
357,C,0.081,0.678,0.16,0.18,C,C,T,0.125,0.141,0.174,0.315,T
358,G,0.169,0.121,0.36,0.14,G,G,A,0.163,0.127,0.049,0.116,A
359,A,0.699,0.098,0.067,0.117,A,A,A,0.422,0.105,0.124,0.197,A
360,A,0.679,0.119,0.144,0.061,A,A,G,0.093,0.05,0.455,0.068,G
361,A,0.392,0.156,0.03,0.108,A,A,C,0.167,0.547,0.114,0.14,C
362,C,0.154,0.584,0.107,0.124,C,C,C,0.026,0.359,0.034,0.102,C
363,G,0.164,0.033,0.374,0.057,G,G,A,0.11,0.14,0.156,0.02,G
364,T,0.003,0.176,0.126,0.55,T,T,C,0.169,0.54,0.189,0.106,C
365,G,0.124,0.065,0.516,0.153,G,G,G,0.028,0.154,0.545,0.171,G
366,G,0.048,0.068,0.491,0.119,G,G,C,0.11,0.517,0.058,0.184,C
367,C,0.146,0.392,0.137,0.183,C,C,C,0.033,0.459,0.135,0.131,C
368,C,0.142,0.482,0.004,0.089,C,C,T,0.151,0.139,0.019,0.655,T
369,G,0.089,0.049,0.028,0.099,T,T,T,0.116,0.144,0.019,0.638,T
370,A,0.557,0.105,0.118,0.017,A,A,C,0.058,0.492,0.111,0.163,C
371,A,0.37,0.037,0.19,0.071,A,A,A,0.391,0.023,0.074,0.052,A
372,T,0.068,0.118,0.083,0.693,T,T,T,0.103,0.112,0.097,0.656,T
373,A,0.533,0.175,0.173,0.127,A,A,T,0.125,0.164,0.192,0.333,T
374,C,0.102,0.673,0.162,0.127,C,C,G,0.055,0.083,0.33,0.036,G
375,T,0.134,0.132,0.13,0.139,T,T,T,0.089,0.04,0.056,0.488,T
376,G,0.06,0.031,0.345,0.103,G,G,C,0.089,0.349,0.038,0.133,C
377,C,0.118,0.5,0.168,0.072,C,C,A,0.3,0.136,0.18,0.111,A
378,A,0.654,0.121,0.129,0.071,A,A,G,0.166,0.108,0.415,0.018,G
379,C,0.058,0.381,0.032,0.008,C,C,T,0.049,0.096,0.162,0.311,T
380,A,0.369,0.148,0.179,0.168,A,A,T,0.178,0.104,0.156,0.356,T
381,T,0.171,0.084,0.076,0.484,T,T,T,0.043,0.022,0.2,0.343,T
382,A,0.132,0.125,0.085,0.012,A,A,C,0.135,0.337,0.108,0.071,C
383,T,0.171,0.19,0.151,0.319,T,T,A,0.44,0.021,0.137,0.036,A
384,C,0.007,0.672,0.17,0.184,C,C,G,0.176,0.028,0.453,0.094,G
385,G,0.176,0.065,0.522,0.058,G,G,G,0.147,0.08,0.622,0.123,G
386,G,0.179,0.029,0.429,0.075,G,G,G,0,0,0,0,N
387,T,0.175,0.098,0.091,0.32,T,T,C,0.056,0.55,0.158,0.122,C
388,A,0.367,0.078,0.067,0.044,A,A,A,0.564,0.167,0.132,0.189,A
389,T,0.008,0.124,0.126,0.535,T,T,C,0.035,0.349,0.113,0.024,C
390,T,0.013,0.193,0.114,0.546,T,T,G,0.005,0.089,0.468,0.199,G
391,C,0.198,0.349,0.049,0.02,C,C,C,0.047,0.45,0.145,0.1,C
392,C,0.172,0.42,0.08,0.07,C,C,G,0.106,0.091,0.408,0.113,G
393,C,0.071,0.675,0.015,0.001,C,C,C,0.137,0.316,0.196,0.086,C
394,C,0.111,0.558,0.194,0.027,C,C,A,0.493,0.053,0.109,0.123,A
395,A,0.647,0.037,0.001,0.165,A,A,T,0.122,0.116,0.175,0.599,T
396,T,0.053,0.131,0.097,0.686,T,T,T,0.069,0.147,0.117,0.646,T
397,G,0.147,0.103,0.413,0.159,G,G,A,0.342,0.126,0.193,0.129,A
398,T,0.002,0.122,0.003,0.545,T,T,T,0.04,0.044,0.108,0.658,T
399,G,0.144,0.07,0.553,0.145,G,G,C,0.048,0.31,0.199,0.173,C
400,A,0.666,0.172,0.148,0.021,A,A,C,0.184,0.552,0.09,0.122,C
401,C,0.092,0.572,0.166,0.026,C,C,A,0.683,0.004,0.01,0.15,A
402,T,0.05,0.195,0.198,0.429,T,T,G,0.173,0.193,0.424,0.108,G
403,T,0.196,0.025,0.194,0.447,T,T,G,0.06,0.143,0.478,0.038,G
404,A,0.544,0.095,0.06,0.149,A,A,A,0.091,0.072,0.058,0.117,T
405,G,0.055,0.08,0.56,0.098,G,G,A,0.091,0.199,0.185,0.136,C
406,A,0.494,0.195,0.147,0.03,A,A,A,0.401,0.133,0.197,0.064,A
407,A,0.356,0.159,0.013,0.035,A,A,A,0.631,0.038,0.155,0.038,A
408,T,0.112,0.152,0.182,0.507,T,T,G,0.18,0.069,0.389,0.007,G
409,G,0.16,0.174,0.05,0.065,C,C,G,0.137,0.199,0.454,0.165,G
410,G,0.163,0.09,0.599,0.15,G,G,C,0.064,0.493,0.047,0.044,C
411,T,0.132,0.105,0.188,0.648,T,T,T,0.086,0.051,0.189,0.447,T
412,C,0.1,0.496,0.133,0.012,C,C,G,0.016,0.173,0.34,0.166,G
413,G,0.057,0.099,0.535,0.154,G,G,C,0.093,0.504,0.04,0.044,C
414,C,0.04,0.467,0.106,0.091,C,C,A,0.54,0.182,0.111,0.117,A
415,G,0.043,0.006,0.57,0.158,G,G,C,0.095,0.332,0.001,0.071,C
416,G,0.037,0.052,0.55,0.05,G,G,G,0.068,0.142,0.386,0.134,G
417,C,0.158,0.54,0.081,0.103,C,C,C,0.165,0.575,0.047,0.109,C
418,T,0.176,0.083,0.116,0.345,T,T,C,0.174,0.471,0.116,0.184,C
419,C,0.056,0.561,0.084,0.075,C,C,T,0.101,0.052,0.11,0.657,T
420,G,0.165,0.154,0.349,0.177,G,G,T,0.132,0.064,0.111,0.552,T
421,A,0.402,0.132,0.193,0.078,A,A,T,0.158,0.193,0.038,0.012,C
422,A,0.517,0.136,0.044,0.104,A,A,T,0.086,0.151,0.135,0.523,T
423,T,0.012,0.13,0.175,0.7,T,T,G,0.035,0.069,0.42,0.191,G
424,T,0.159,0.044,0.192,0.58,T,T,C,0.187,0.667,0.061,0.174,C
425,G,0.046,0.135,0.553,0.07,G,G,T,0.096,0.2,0.153,0.382,T
426,G,0.005,0.128,0.651,0.132,G,G,C,0.023,0.511,0.121,0.033,C
427,G,0.195,0.141,0.647,0.005,G,G,C,0.154,0.37,0.018,0.046,C
428,T,0.147,0.06,0.046,0.525,T,T,T,0.063,0.109,0.011,0.659,T
429,T,0.173,0.128,0.1,0.318,T,T,C,0.019,0.488,0.112,0.037,C
430,G,0.05,0.072,0.521,0.084,G,G,G,0.123,0.15,0.333,0.007,G
431,C,0.161,0.416,0.153,0.172,C,C,A,0.479,0.19,0.067,0.195,A
432,C,0.173,0.7,0.093,0.073,C,C,C,0.043,0.389,0.125,0.144,C
433,G,0.152,0.198,0.587,0.099,G,G,G,0.054,0.174,0.46,0.123,G
434,T,0.098,0.183,0.094,0.663,T,T,A,0.487,0.027,0.044,0.097,A
435,G,0.166,0.145,0.31,0.075,G,G,A,0.027,0.145,0.007,0.018,C
436,C,0.198,0.438,0.037,0.105,C,C,T,0.158,0.01,0.018,0.543,T
437,T,0.137,0.162,0.026,0.549,T,T,G,0.025,0.015,0.325,0.171,G
438,G,0.125,0.137,0.382,0.052,G,G,C,0.149,0.458,0.014,0.173,C
439,C,0.087,0.354,0.169,0.077,C,C,G,0.15,0.044,0.608,0.028,G
440,C,0.124,0.485,0.012,0.172,C,C,C,0.052,0.549,0.008,0.075,C
441,T,0.192,0.18,0.062,0.404,T,T,A,0.384,0.065,0.071,0.029,A
442,A,0.668,0.133,0.029,0.192,A,A,C,0.067,0.412,0.114,0.061,C
443,A,0.44,0.186,0.12,0.013,A,A,A,0.475,0.183,0.132,0.044,A
444,A,0.522,0.045,0.175,0.08,A,A,G,0.047,0.004,0.47,0.133,G
445,A,0.675,0.182,0.057,0.179,A,A,G,0.159,0.101,0.601,0.129,G
446,G,0.148,0.043,0.392,0.074,G,G,G,0.137,0.19,0.302,0.11,G
447,A,0.595,0.064,0.131,0.094,A,A,C,0.193,0.469,0.098,0.053,C
448,G,0,0.082,0.401,0.171,G,G,T,0.084,0.17,0.108,0.419,T
449,C,0.026,0.513,0.127,0.11,C,C,T,0.065,0.021,0.095,0.388,T
450,A,0.694,0.177,0.193,0.044,A,A,T,0.147,0.007,0.084,0.391,T
451,A,0.528,0.043,0.06,0.172,A,A,G,0.005,0.12,0.463,0.012,G
452,G,0.138,0.077,0.321,0.045,G,G,C,0.095,0.429,0.077,0.021,C
453,G,0.136,0.156,0.437,0.044,G,G,C,0,0,0,0,N
454,G,0.005,0.087,0.571,0.093,G,G,G,0.06,0.019,0.581,0.107,G
455,A,0.322,0.043,0.136,0.186,A,A,C,0.179,0.452,0.118,0.015,C
456,C,0.135,0.463,0.036,0.075,C,C,T,0.012,0.024,0.164,0.365,T
457,C,0.061,0.45,0.117,0.176,C,C,A,0.66,0.124,0.051,0.096,A
458,G,0.149,0.111,0.484,0.016,G,G,T,0.164,0.067,0.176,0.678,T
459,C,0.021,0.427,0.197,0.121,C,C,G,0.021,0.048,0.337,0.013,G
460,G,0.199,0.179,0.688,0.186,G,G,T,0.193,0.088,0.017,0.465,T
461,A,0.443,0.056,0.174,0.023,A,A,G,0.193,0.185,0.639,0.061,G
462,G,0,0,0,0,N,N,C,0.026,0.344,0.17,0.108,C
463,C,0.134,0.563,0.148,0.171,C,C,A,0.615,0.092,0.161,0.16,A
464,T,0.193,0.028,0.041,0.386,T,T,T,0.141,0.176,0.014,0.694,T
465,C,0.099,0.402,0.147,0.039,C,C,G,0.072,0.059,0.479,0.022,G
466,A,0.618,0.131,0.13,0.141,A,A,A,0.523,0.105,0.03,0.171,A
467,T,0.113,0.116,0.045,0.492,T,T,A,0.315,0.062,0.056,0.194,A
468,G,0.046,0.01,0.5,0.157,G,G,G,0.179,0.135,0.612,0.078,G
469,G,0.164,0.155,0.325,0.14,G,G,G,0.082,0.136,0.348,0.187,G
470,G,0.121,0.087,0.314,0.041,G,G,A,0.629,0.114,0.024,0.177,A
471,A,0.529,0.185,0.179,0.125,A,A,G,0.12,0.197,0.342,0.143,G
472,T,0.135,0.031,0.156,0.356,T,T,T,0.113,0.043,0.017,0.655,T
473,C,0.097,0.326,0.12,0.165,C,C,T,0.014,0.017,0.006,0.503,T
474,G,0.016,0.096,0.638,0.102,G,G,G,0.034,0.189,0.689,0.029,G
475,C,0.177,0.674,0.121,0.176,C,C,T,0.024,0.001,0.138,0.635,T
476,A,0.142,0.144,0.152,0.082,G,G,G,0.089,0.176,0.376,0.032,G
477,G,0.058,0.104,0.341,0.118,G,G,C,0,0,0,0,N
478,A,0.638,0.02,0.048,0.155,A,A,A,0.658,0.135,0.097,0.131,A
479,T,0.101,0.014,0.179,0.008,G,G,G,0.005,0.055,0.484,0.059,G
480,C,0.158,0.411,0.028,0.098,C,C,A,0.692,0.072,0.055,0.027,A
481,A,0.68,0.117,0.078,0.109,A,A,A,0.547,0.097,0.196,0.12,A
482,G,0.16,0.12,0.482,0,G,G,A,0.147,0.039,0.011,0.082,A
483,G,0.005,0.164,0.311,0.191,G,G,G,0.027,0.115,0.39,0.093,G
484,G,0.188,0.07,0.611,0.055,G,G,G,0.041,0.19,0.655,0.085,G
485,T,0.03,0.18,0,0.586,T,T,C,0.126,0.528,0.082,0.154,C
486,A,0.334,0.015,0.067,0.126,A,A,C,0.128,0.349,0.106,0.154,C
487,C,0.183,0.527,0.148,0.019,C,C,G,0.06,0.025,0.678,0.133,G
488,A,0.337,0.061,0.044,0.166,A,A,C,0.187,0.57,0.028,0.115,C
489,T,0.07,0.094,0.042,0.355,T,T,T,0.142,0.151,0.149,0.321,T
490,T,0.033,0.05,0.163,0.401,T,T,C,0.062,0.433,0.011,0.081,C
491,C,0.145,0.459,0.147,0.195,C,C,G,0,0,0,0,N
492,A,0.64,0.18,0.19,0.185,A,A,T,0.017,0.069,0.02,0.672,T
493,C,0.121,0.679,0.042,0.183,C,C,T,0.081,0.073,0.141,0.522,T
494,C,0,0,0,0,N,N,C,0.01,0.649,0.179,0.198,C
495,G,0.143,0.112,0.479,0.125,G,G,C,0.124,0.331,0.02,0.125,C
496,T,0.025,0.013,0.043,0.382,T,T,A,0.499,0.181,0.181,0.001,A
497,A,0.685,0.006,0.163,0.072,A,A,A,0.397,0.063,0.008,0.128,A
498,C,0.184,0.672,0.136,0.062,C,C,T,0.024,0.197,0.126,0.413,T
499,A,0.642,0.181,0.077,0.06,A,A,G,0.174,0.144,0.383,0.058,G
500,T,0.164,0.022,0.006,0.568,T,T,C,0.095,0.505,0.111,0.133,C
501,C,0.127,0.55,0.011,0.189,C,C,A,0.674,0.096,0.05,0.042,A
502,A,0.496,0.073,0.129,0.136,A,A,G,0.017,0.116,0.379,0.092,G
503,G,0.004,0.016,0.627,0.089,G,G,A,0.345,0.067,0.198,0.111,A
504,A,0.671,0.13,0.183,0.005,A,A,T,0.085,0.187,0.039,0.648,T
505,G,0.029,0.092,0.384,0.011,G,G,G,0.105,0.115,0.67,0.178,G
506,A,0.549,0.104,0.128,0.13,A,A,A,0.568,0.139,0.145,0.049,A
507,A,0.366,0.012,0.075,0.085,A,A,C,0.136,0.331,0.085,0.018,C
508,G,0.025,0.196,0.323,0.159,G,G,A,0.091,0.008,0.185,0.187,T
509,T,0.058,0.087,0.136,0.491,T,T,C,0.178,0.536,0.009,0.171,C
510,T,0.034,0.059,0.126,0.431,T,T,A,0.636,0.016,0.136,0.011,A
511,T,0.195,0.18,0.086,0.606,T,T,C,0.005,0.348,0.149,0.088,C
512,C,0.023,0.496,0.174,0.078,C,C,A,0.4,0.161,0.057,0.029,A
513,A,0.378,0.079,0.163,0.097,A,A,T,0.127,0.02,0.005,0.613,T
514,G,0.131,0.01,0.536,0.173,G,G,A,0.154,0.005,0.015,0.079,A
515,T,0.081,0.052,0.14,0.563,T,T,T,0.096,0.002,0.171,0.332,T
516,G,0.004,0.065,0.332,0.118,G,G,C,0.199,0.493,0.145,0.104,C
517,G,0.143,0.065,0.332,0.008,G,G,T,0.078,0.172,0.12,0.471,T
518,T,0.005,0.189,0.003,0.396,T,T,C,0,0,0,0,N
519,G,0.052,0.058,0.41,0.028,G,G,T,0.01,0.035,0.185,0.345,T
520,T,0.071,0.166,0.19,0.605,T,T,C,0.163,0.427,0.089,0.101,C
521,G,0.099,0.157,0.381,0.169,G,G,C,0.009,0.656,0.003,0.065,C
522,C,0.194,0.681,0.048,0.173,C,C,T,0.137,0.102,0.078,0.616,T
523,T,0.03,0.186,0.188,0.583,T,T,A,0.439,0.189,0.172,0.178,A
524,A,0.464,0.058,0.039,0.071,A,A,A,0.425,0.113,0.196,0.141,A
525,A,0.359,0.157,0.12,0.138,A,A,A,0.499,0.148,0.113,0.132,A
526,T,0.171,0.083,0.005,0.366,T,T,A,0.59,0.016,0.17,0.181,A
527,T,0.033,0.036,0.198,0.552,T,T,T,0.013,0.056,0.124,0.687,T
528,T,0.09,0.186,0.128,0.521,T,T,T,0.07,0.198,0.163,0.374,T
529,T,0.096,0.058,0.169,0.618,T,T,A,0.618,0.045,0.198,0.147,A
530,C,0.199,0.474,0.134,0.034,C,C,A,0.423,0.053,0.195,0.097,A
531,C,0.118,0.557,0.102,0.033,C,C,C,0.112,0.391,0.007,0.113,C
532,T,0.141,0.193,0.101,0.578,T,T,C,0.195,0.308,0.192,0.114,C
533,C,0.036,0.359,0.127,0.09,C,C,G,0.154,0.194,0.495,0.144,G
534,C,0.064,0.441,0.094,0.037,C,C,T,0.092,0.086,0.041,0.42,T
535,C,0.039,0.355,0.171,0.102,C,C,T,0.174,0.123,0.191,0.355,T
536,A,0.512,0.17,0.143,0.175,A,A,C,0.191,0.306,0.027,0.051,C
537,C,0.061,0.412,0.093,0.012,C,C,A,0.412,0.131,0.073,0.005,A
538,C,0.113,0.476,0.151,0.005,C,C,G,0.128,0.09,0.683,0.175,G
539,G,0.096,0.197,0.479,0.165,G,G,C,0.193,0.363,0.16,0.026,C
540,T,0.095,0.079,0.167,0.356,T,T,A,0.414,0.163,0.167,0.124,A
541,G,0.088,0.114,0.678,0.038,G,G,C,0.116,0.505,0.008,0.171,C
542,T,0.049,0.107,0.039,0.389,T,T,G,0.133,0.089,0.372,0.116,G
543,T,0.106,0.057,0.088,0.47,T,T,T,0.161,0.092,0.023,0.531,T
544,G,0.043,0.153,0.432,0.11,G,G,G,0.036,0.115,0.562,0.127,G
545,T,0.02,0.161,0.091,0.395,T,T,G,0.186,0.151,0.576,0.025,G
546,T,0.193,0.08,0.191,0.502,T,T,A,0.578,0.007,0.105,0.197,A
547,C,0.141,0.49,0.157,0.024,C,C,G,0.179,0.018,0.375,0.169,G
548,C,0.018,0.328,0.084,0.137,C,C,A,0.387,0.175,0.152,0.116,A
549,C,0.095,0.692,0.075,0.179,C,C,A,0.43,0.099,0.089,0.07,A
550,G,0.114,0.031,0.539,0.192,G,G,A,0.171,0.149,0.02,0.029,A
551,T,0.143,0.146,0.024,0.471,T,T,A,0.6,0.077,0.11,0.081,A
552,A,0.693,0.083,0.043,0.01,A,A,A,0.419,0.091,0.155,0.048,A
553,T,0.061,0.008,0.185,0.335,T,T,C,0.197,0.368,0.065,0.06,C
554,G,0.022,0.078,0.335,0.061,G,G,G,0.013,0.138,0.639,0.053,G
555,G,0.07,0.093,0.66,0.154,G,G,T,0.05,0.178,0.141,0.613,T
556,G,0.151,0.182,0.317,0.014,G,G,G,0.015,0.143,0.673,0.059,G
557,C,0.095,0.341,0.091,0.115,C,C,G,0.017,0.19,0.501,0.134,G
558,A,0.415,0.154,0.144,0.006,A,A,T,0.154,0.105,0.09,0.464,T
559,G,0.049,0.093,0.423,0.079,G,G,T,0.135,0.016,0.12,0.537,T
560,A,0.472,0.098,0.028,0.073,A,A,A,0.617,0.081,0.065,0.084,A
561,A,0.561,0.193,0.009,0.011,A,A,A,0.416,0.103,0.081,0.055,A
562,C,0.167,0.555,0.095,0.074,C,C,G,0.046,0.167,0.506,0.076,G
563,T,0.051,0.186,0.007,0.634,T,T,A,0.417,0.082,0.186,0.112,A
564,A,0.623,0.044,0.137,0.114,A,A,G,0.144,0.12,0.613,0.199,G
565,C,0.039,0.564,0.107,0.175,C,C,G,0.046,0.085,0.523,0.196,G
566,C,0.019,0.464,0.075,0.089,C,C,A,0.619,0.053,0.199,0.087,A
567,T,0.053,0.186,0.183,0.545,T,T,T,0.07,0.181,0.198,0.452,T
568,T,0.04,0.085,0.105,0.39,T,T,C,0.09,0.547,0.162,0.167,C
569,G,0.193,0.001,0.308,0.177,G,G,T,0.139,0.049,0.023,0.617,T
570,G,0.083,0.021,0.6,0.189,G,G,T,0.134,0.038,0.068,0.567,T
571,G,0.025,0.112,0.643,0.165,G,G,A,0.04,0.089,0.028,0.011,C
572,C,0,0,0,0,N,N,G,0.188,0.172,0.436,0.017,G
573,G,0.169,0.093,0.661,0.091,G,G,C,0.027,0.548,0.08,0.153,C
574,G,0.092,0.133,0.589,0.03,G,G,G,0.036,0.163,0.655,0.014,G
575,T,0.002,0.167,0.002,0.657,T,T,G,0.152,0.054,0.613,0.086,G
576,G,0.135,0.171,0.629,0.108,G,G,C,0.153,0.315,0.131,0.027,C
577,G,0.017,0.128,0.545,0.094,G,G,G,0.056,0.083,0.329,0.089,G
578,C,0.091,0.614,0.013,0.036,C,C,A,0.342,0.097,0.13,0.044,A
579,G,0.104,0.142,0.322,0.163,G,G,G,0.092,0.124,0.476,0.032,G
580,T,0.16,0.197,0.171,0.358,T,T,T,0.014,0.075,0.056,0.425,T
581,C,0.172,0.59,0.012,0.064,C,C,G,0.185,0.081,0.363,0.009,G
582,A,0.534,0.157,0.079,0.027,A,A,A,0.414,0.022,0.174,0.091,A
583,A,0.371,0.063,0.105,0.175,A,A,T,0.019,0.044,0.153,0.192,T
584,G,0.012,0.033,0.43,0.094,G,G,A,0.037,0.148,0.058,0.063,C
585,C,0.159,0.445,0.186,0.125,C,C,A,0.692,0.054,0.085,0.036,A
586,A,0,0,0,0,N,N,A,0.61,0.193,0.169,0.185,A
587,A,0.465,0.032,0.049,0.155,A,A,C,0.054,0.318,0.055,0.042,C
588,T,0.152,0.008,0.165,0.492,T,T,G,0.129,0.15,0.448,0.144,G
589,G,0.172,0.174,0.419,0.126,G,G,A,0.023,0.173,0.133,0.012,C
590,C,0.199,0.32,0.01,0.025,C,C,C,0.139,0.053,0.14,0.19,T
591,A,0.677,0.197,0.033,0.005,A,A,G,0.116,0.163,0.389,0.03,G
592,T,0.193,0.18,0.182,0.634,T,T,T,0.048,0.115,0.017,0.477,T
593,T,0.109,0.187,0.174,0.66,T,T,G,0.03,0.039,0.546,0.096,G
594,T,0.173,0.068,0.01,0.567,T,T,G,0.191,0.105,0.652,0.186,G
595,T,0.177,0.059,0.171,0.67,T,T,G,0.078,0.036,0.646,0.034,G
596,G,0.19,0.172,0.389,0.042,G,G,C,0.01,0.651,0.034,0.172,C
597,T,0.185,0.144,0.034,0.42,T,T,G,0.135,0.179,0.465,0.099,G
598,G,0.163,0.081,0.532,0.072,G,G,T,0.085,0.144,0.191,0.317,T
599,G,0.005,0.102,0.684,0.121,G,G,G,0.197,0.096,0.567,0.165,G
600,G,0.15,0.19,0.591,0.047,G,G,A,0.306,0.185,0.004,0.041,A
601,A,0.059,0.177,0.067,0.083,C,C,G,0.098,0.002,0.563,0.05,G
602,T,0.174,0.136,0.109,0.344,T,T,T,0.012,0.171,0.117,0.651,T
603,T,0.108,0.058,0.026,0.451,T,T,C,0.127,0.381,0.117,0.131,C
604,T,0.076,0.1,0.19,0.507,T,T,C,0.007,0.613,0.031,0.181,C
605,T,0.111,0.088,0.047,0.605,T,T,G,0.001,0.04,0.603,0.104,G
606,G,0.092,0.107,0.498,0.078,G,G,T,0.113,0.024,0.147,0.303,T
607,T,0,0,0,0,N,N,A,0.448,0.049,0.143,0.182,A
608,G,0.011,0.154,0.51,0.062,G,G,A,0.061,0.06,0.1,0.026,G
609,A,0.339,0.075,0.018,0.137,A,A,A,0.428,0.161,0.07,0.11,A
610,C,0.048,0.422,0.102,0.038,C,C,C,0.096,0.37,0.19,0.167,C
611,G,0.164,0.034,0.443,0.167,G,G,G,0.12,0.099,0.33,0.096,G
612,C,0.042,0.338,0.014,0.001,C,C,G,0.039,0.106,0.561,0.16,G
613,C,0.006,0.628,0.128,0.096,C,C,A,0.409,0.069,0.063,0.063,A
614,A,0.326,0.084,0.094,0.163,A,A,C,0.119,0.409,0.183,0.186,C
615,C,0.195,0.348,0.126,0.17,C,C,G,0.03,0.004,0.355,0.087,G
616,T,0.119,0.083,0.164,0.488,T,T,C,0.006,0.348,0.071,0.131,C
617,A,0.497,0.175,0.164,0.047,A,A,C,0.156,0.468,0.195,0.132,C
618,C,0.02,0.486,0.147,0.066,C,C,A,0.45,0.15,0.059,0.153,A
619,T,0.011,0.17,0.072,0.41,T,T,A,0.684,0.046,0.146,0.066,A
620,A,0.542,0.106,0.061,0.142,A,A,G,0.166,0.144,0.45,0.081,G
621,C,0.117,0.556,0.049,0.019,C,C,A,0.37,0.109,0.106,0.037,A
622,G,0.063,0.022,0.37,0.043,G,G,A,0.055,0.142,0.126,0.136,C
623,C,0.19,0.535,0.082,0.019,C,C,C,0.181,0.35,0.179,0.02,C
624,T,0.02,0.063,0.104,0.666,T,T,A,0.628,0.106,0.199,0.076,A
625,A,0.464,0.08,0.091,0.079,A,A,C,0.117,0.587,0.192,0.018,C
626,G,0.115,0.001,0.6,0.082,G,G,G,0.07,0.196,0.51,0.108,G
627,T,0.055,0.1,0.011,0.666,T,T,A,0.344,0.108,0.029,0.029,A
628,T,0.193,0.021,0.015,0.644,T,T,C,0.035,0.604,0.101,0.135,C
629,C,0.195,0.643,0.109,0.028,C,C,T,0.113,0.097,0.028,0.362,T
630,G,0.096,0.055,0.666,0.083,G,G,A,0.027,0.042,0.1,0.19,T
631,G,0.167,0.073,0.451,0.111,G,G,A,0.641,0.081,0.004,0.071,A
632,C,0.101,0.391,0.114,0.137,C,C,T,0.052,0.118,0.065,0.519,T
633,A,0.665,0.058,0.072,0.086,A,A,G,0.131,0.162,0.488,0.017,G
634,G,0.053,0.17,0.542,0.012,G,G,C,0.156,0.452,0.09,0.094,C
635,T,0.06,0.006,0.024,0.43,T,T,A,0.377,0.006,0.102,0.135,A
636,C,0.017,0.334,0.199,0.195,C,C,G,0.128,0.077,0.482,0.065,G
637,C,0,0,0,0,N,N,C,0.092,0.602,0.06,0.128,C
638,G,0.13,0.053,0.314,0.002,G,G,T,0.163,0.153,0.124,0.05,A
639,C,0.059,0.466,0.107,0.004,C,C,G,0.122,0.118,0.33,0.03,G
640,G,0.12,0.153,0.639,0.184,G,G,G,0.151,0.079,0.435,0.162,G
641,T,0.196,0.175,0.055,0.358,T,T,T,0.075,0.103,0.073,0.544,T
642,G,0.186,0.155,0.576,0.072,G,G,A,0,0.093,0.014,0.137,T
643,C,0.16,0.465,0.129,0.094,C,C,C,0.143,0.557,0.156,0.2,C
644,C,0.051,0.506,0.192,0.126,C,C,C,0.046,0.352,0.195,0.129,C
645,A,0.403,0.12,0.17,0.03,A,A,T,0.198,0.097,0.113,0.428,T
646,T,0.158,0.104,0.079,0.411,T,T,G,0.091,0.185,0.402,0.146,G
647,A,0.394,0.05,0.034,0.136,A,A,C,0.055,0.516,0.195,0.066,C
648,T,0.138,0.052,0.016,0.378,T,T,G,0,0.171,0.394,0.091,G
649,T,0.189,0.072,0.164,0.324,T,T,T,0.181,0.169,0.059,0.607,T
650,T,0.049,0.079,0.153,0.609,T,T,T,0.166,0.147,0.18,0.403,T
651,T,0.021,0.197,0.019,0.561,T,T,G,0.171,0.174,0.547,0.047,G
652,A,0.581,0.091,0.191,0.011,A,A,A,0.603,0.067,0.12,0.168,A
653,A,0.601,0.064,0.02,0.158,A,A,G,0.005,0.173,0.677,0.102,G
654,A,0.55,0.041,0.103,0.143,A,A,C,0.093,0.698,0.165,0.155,C
655,G,0.197,0.154,0.63,0.11,G,G,T,0.041,0.02,0.064,0.305,T
656,A,0.554,0.154,0.188,0.022,A,A,C,0.007,0.529,0.047,0.195,C
657,C,0.04,0.524,0.12,0.043,C,C,A,0.48,0.109,0.022,0.038,A
658,G,0.141,0.033,0.569,0.169,G,G,T,0.124,0.008,0.065,0.413,T
659,T,0.044,0.03,0.195,0.665,T,T,A,0.46,0.187,0.048,0.134,A
660,C,0.176,0.478,0.097,0.007,C,C,A,0.499,0.177,0.191,0.022,A
661,T,0.196,0.062,0.043,0.399,T,T,A,0.359,0.012,0.093,0.066,A
662,G,0.034,0.149,0.609,0.159,G,G,T,0.153,0.021,0.137,0.544,T
663,C,0.002,0.387,0.112,0.047,C,C,C,0.007,0.33,0.136,0.149,C
664,C,0.063,0.65,0.054,0.072,C,C,A,0.567,0.118,0.078,0.066,A
665,T,0.052,0.155,0.192,0.598,T,T,C,0.049,0.531,0.191,0.087,C
666,T,0.069,0.023,0.086,0.565,T,T,A,0.55,0,0.18,0.152,A
667,C,0.162,0.453,0.167,0.181,C,C,G,0.035,0.163,0.564,0.114,G
668,G,0.027,0.009,0.695,0.19,G,G,A,0.035,0.062,0.007,0.127,T
669,T,0.082,0.006,0.067,0.59,T,T,A,0.545,0.114,0.063,0.122,A
670,C,0.121,0.594,0.168,0.086,C,C,G,0,0,0,0,N
671,A,0.647,0.03,0.03,0.193,A,A,A,0.084,0.013,0.104,0.135,T
672,T,0.147,0.054,0.002,0.658,T,T,A,0.413,0.051,0.143,0.029,A
673,A,0.563,0.007,0.029,0.042,A,A,C,0.019,0.347,0.177,0.023,C
674,A,0.539,0.067,0.087,0.093,A,A,C,0.091,0.353,0.054,0.047,C
675,T,0.095,0.11,0.126,0.379,T,T,A,0.322,0.111,0.157,0.118,A
676,A,0.345,0.195,0.098,0.022,A,A,A,0.586,0.134,0.198,0.166,A
677,C,0.142,0.387,0.187,0.055,C,C,A,0.362,0.141,0.043,0.179,A
678,C,0.021,0.62,0.179,0.087,C,C,G,0.017,0.144,0.513,0.06,G
679,G,0.06,0.101,0.387,0.154,G,G,T,0.041,0.191,0.036,0.443,T
680,C,0.069,0.402,0.005,0.169,C,C,T,0.116,0.193,0.164,0.388,T
681,T,0.197,0.1,0.14,0.453,T,T,C,0.124,0.674,0.053,0.053,C
682,A,0.575,0.196,0.068,0.11,A,A,T,0.168,0.01,0.008,0.654,T
683,T,0.025,0.169,0.042,0.509,T,T,C,0.093,0.434,0.123,0.012,C
684,T,0.157,0.053,0.017,0.332,T,T,C,0.104,0.488,0.15,0.064,C
685,T,0.155,0.047,0.021,0.659,T,T,T,0,0,0,0,N
686,G,0.021,0.087,0.321,0.058,G,G,A,0.036,0.031,0.102,0.091,G
687,C,0.04,0.493,0.098,0.033,C,C,G,0.159,0.094,0.489,0.199,G
688,A,0.42,0.192,0.061,0.149,A,A,T,0.012,0.048,0.003,0.549,T
689,A,0.347,0.089,0.17,0.193,A,A,C,0.103,0.393,0.131,0.057,C
690,T,0.124,0.05,0.169,0.545,T,T,A,0.442,0.044,0.094,0.046,A
691,C,0.049,0.393,0.137,0.029,C,C,C,0.177,0.486,0.026,0.145,C
692,T,0.113,0.17,0.032,0.369,T,T,A,0.407,0.133,0.135,0.139,A
693,C,0.036,0.491,0.162,0.159,C,C,G,0.099,0.027,0.66,0.115,G
694,A,0.427,0.105,0.081,0.138,A,A,A,0.349,0.082,0.107,0.036,A
695,C,0.03,0.508,0.09,0.046,C,C,A,0.582,0.136,0.116,0.013,A
696,C,0.05,0.395,0.157,0.156,C,C,C,0.148,0.49,0.137,0.071,C
697,C,0.095,0.583,0.108,0.069,C,C,A,0.336,0.068,0.082,0.123,A
698,A,0.651,0.056,0.106,0.142,A,A,G,0.151,0.025,0.332,0.14,G
699,T,0.175,0.163,0.198,0.429,T,T,T,0.096,0.128,0.106,0.63,T
700,A,0.529,0.041,0.001,0.161,A,A,C,0.131,0.515,0.087,0.031,C
701,C,0.175,0.467,0.08,0.176,C,C,G,0.001,0.094,0.338,0.17,G
702,G,0.102,0.01,0.697,0.074,G,G,G,0.097,0.044,0.622,0.037,G
703,C,0.129,0.437,0.13,0.012,C,C,T,0.015,0.19,0.151,0.586,T
704,C,0.066,0.586,0.047,0.168,C,C,G,0.062,0.165,0.621,0.127,G
705,C,0.052,0.632,0.199,0.025,C,C,C,0.147,0.639,0.057,0.14,C
706,G,0.095,0.135,0.624,0.085,G,G,A,0.599,0.048,0.139,0.153,A
707,G,0.061,0.026,0.662,0.198,G,G,G,0.128,0.13,0.363,0.118,G
708,A,0.476,0.033,0.033,0.151,A,A,C,0.028,0.625,0.197,0.144,C
709,C,0.174,0.376,0.058,0.096,C,C,T,0.072,0.027,0.062,0.319,T
710,A,0.634,0.079,0.196,0.026,A,A,T,0.086,0.144,0.177,0.532,T
711,C,0.093,0.484,0.11,0.184,C,C,C,0.062,0.667,0.124,0.16,C
712,C,0.002,0.682,0.196,0.194,C,C,T,0.158,0.006,0.079,0.328,T
713,A,0.176,0.127,0.178,0.175,G,G,A,0.436,0.141,0.074,0.094,A
714,A,0.324,0.004,0.169,0.092,A,A,G,0.093,0.15,0.419,0.05,G
715,T,0.168,0.155,0.138,0.596,T,T,C,0,0,0,0,N
716,T,0.03,0.029,0.127,0.452,T,T,T,0.051,0.113,0.163,0.173,T
717,C,0.002,0.339,0.108,0.097,C,C,A,0.669,0.193,0.124,0.192,A
718,A,0.621,0.083,0.194,0.12,A,A,A,0.426,0.18,0.05,0.079,A
719,A,0.599,0.014,0.161,0.103,A,A,A,0.679,0.121,0.029,0.184,A
720,G,0.135,0.017,0.348,0.084,G,G,A,0.651,0.095,0.06,0.166,A
721,T,0.148,0.054,0.082,0.54,T,T,C,0.177,0.429,0.182,0.09,C
722,G,0.01,0.175,0.312,0.112,G,G,C,0.093,0.434,0.174,0.061,C
723,C,0.18,0.429,0.116,0.179,C,C,C,0.039,0.353,0.095,0.062,C
724,T,0.175,0.043,0.172,0.36,T,T,A,0.675,0.069,0.121,0.012,A
725,T,0.006,0.187,0.016,0.551,T,T,A,0.434,0.052,0.152,0.04,A
726,G,0.006,0.118,0.491,0.06,G,G,G,0.139,0.148,0.674,0.116,G
727,T,0.14,0.052,0.056,0.514,T,T,G,0.17,0.123,0.366,0.083,G
728,C,0.133,0.668,0.083,0.076,C,C,G,0.132,0.191,0.356,0.186,G
729,C,0.031,0.571,0.049,0.16,C,C,C,0.071,0.538,0.099,0.024,C
730,G,0.127,0.06,0.663,0.085,G,G,C,0.03,0.524,0.019,0.095,C
731,C,0.156,0.664,0.056,0.133,C,C,T,0.053,0.008,0.095,0.387,T
732,G,0.046,0.045,0.666,0.168,G,G,C,0.108,0.398,0.004,0.034,C
733,G,0,0,0,0,N,N,T,0.011,0.033,0.187,0.487,T
734,T,0.037,0.111,0.138,0.484,T,T,G,0.063,0.146,0.483,0.197,G
735,T,0.067,0.157,0.116,0.68,T,T,G,0.032,0.097,0.499,0.153,G
736,G,0.018,0.143,0.563,0.111,G,G,T,0.188,0.194,0.199,0.535,T
737,T,0.067,0.157,0.001,0.43,T,T,A,0.382,0.02,0.168,0.116,A
738,G,0.109,0.096,0.345,0.006,G,G,G,0.103,0.025,0.42,0.193,G
739,A,0.527,0.031,0.079,0.102,A,A,C,0.034,0.664,0.179,0.035,C
740,A,0.634,0.157,0.038,0.169,A,A,G,0.158,0.174,0.368,0.185,G
741,A,0.421,0.145,0.194,0.005,A,A,C,0.013,0.367,0.183,0.166,C
742,C,0.176,0.632,0.023,0.113,C,C,G,0.008,0.124,0.4,0.046,G
743,T,0.01,0.002,0.193,0.656,T,T,T,0.024,0.129,0.015,0.171,T
744,C,0.066,0.45,0.185,0.195,C,C,G,0.048,0,0.698,0.085,G
745,C,0.143,0.412,0.094,0.011,C,C,A,0.634,0.18,0.006,0.153,A
746,G,0.114,0.162,0.559,0.191,G,G,T,0.068,0.014,0.155,0.602,T
747,T,0.014,0.022,0.027,0.513,T,T,G,0.068,0.078,0.354,0.107,G
748,C,0.061,0.39,0.047,0.138,C,C,G,0.12,0.094,0.662,0.074,G
749,A,0.636,0.108,0.093,0.082,A,A,C,0.051,0.677,0.099,0.074,C
750,A,0.563,0.172,0.069,0.16,A,A,T,0.018,0.106,0.021,0.309,T
751,T,0.152,0.138,0.195,0.662,T,T,T,0.031,0.147,0.075,0.501,T
752,T,0.183,0.052,0.1,0.516,T,T,A,0.402,0.125,0.159,0.162,A
753,T,0.074,0.031,0.047,0.689,T,T,T,0.023,0.009,0.067,0.651,T
754,C,0.134,0.585,0.056,0.045,C,C,C,0.005,0.473,0.129,0.075,C
755,G,0.114,0.171,0.415,0.112,G,G,T,0.042,0.068,0.159,0.6,T
756,A,0.518,0.167,0.096,0.013,A,A,T,0.092,0.127,0.035,0.31,T
757,C,0.147,0.311,0.073,0.069,C,C,G,0.053,0.132,0.485,0.174,G
758,T,0.136,0.006,0.006,0.308,T,T,T,0.17,0.047,0.119,0.544,T
759,C,0.003,0.312,0.064,0.026,C,C,C,0.086,0.322,0.143,0.059,C
760,A,0.611,0.14,0.066,0.027,A,A,T,0.17,0.016,0.117,0.44,T
761,G,0,0,0,0,N,N,T,0.126,0.096,0.059,0.468,T
762,T,0.141,0.162,0.112,0.483,T,T,T,0.16,0.123,0.076,0.505,T
763,C,0.068,0.423,0.086,0.065,C,C,A,0.369,0.054,0.199,0.077,A
764,A,0.316,0.136,0.1,0.025,A,A,G,0.172,0.133,0.457,0.105,G
765,G,0.137,0.013,0.674,0.093,G,G,A,0.683,0.011,0.012,0.033,A
766,G,0.135,0.032,0.366,0.146,G,G,T,0.104,0.189,0.002,0.552,T
767,A,0.339,0.115,0.003,0.16,A,A,C,0.13,0.528,0.026,0.024,C
768,G,0.17,0.135,0.464,0.121,G,G,G,0.072,0.068,0.575,0.071,G
769,G,0.073,0.001,0.573,0.008,G,G,G,0.027,0.156,0.306,0.148,G
770,A,0.439,0.029,0.179,0.156,A,A,A,0.431,0.145,0.126,0.051,A
771,G,0.015,0.051,0.536,0.038,G,G,A,0.168,0.078,0.136,0.003,A
772,G,0.138,0.006,0.619,0.129,G,G,A,0.178,0.11,0.158,0.167,A
773,G,0.016,0.174,0.623,0.103,G,G,T,0.078,0.105,0.122,0.414,T
774,A,0.582,0.029,0.018,0.059,A,A,T,0.144,0.049,0.094,0.428,T
775,T,0.066,0.14,0.114,0.371,T,T,G,0.002,0.074,0.412,0.072,G
776,A,0.609,0.102,0.136,0.187,A,A,T,0,0,0,0,N
777,G,0.008,0.175,0.333,0.104,G,G,T,0.081,0.141,0.024,0.378,T
778,G,0.167,0.103,0.606,0.028,G,G,G,0.198,0.144,0.317,0.096,G
779,G,0.021,0.178,0.6,0.153,G,G,G,0.014,0.012,0.495,0.164,G
780,T,0.186,0.136,0.087,0.576,T,T,G,0.034,0.006,0.579,0.176,G
781,C,0.013,0.346,0.078,0.064,C,C,A,0.51,0.144,0.194,0.073,A
782,A,0.574,0.107,0.066,0.132,A,A,A,0.036,0.1,0.175,0.11,G
783,G,0.144,0.041,0.618,0.032,G,G,A,0.19,0.125,0.053,0.013,A
784,T,0.102,0.187,0.181,0.081,C,C,C,0.133,0.63,0.031,0.058,C
785,T,0.19,0.086,0.064,0.333,T,T,T,0.19,0.165,0.114,0.33,T
786,T,0.1,0.147,0.158,0.625,T,T,G,0.175,0.084,0.361,0.015,G
787,T,0.123,0.169,0.135,0.534,T,T,C,0.147,0.523,0.038,0.08,C
788,T,0.134,0.089,0.123,0.073,A,A,A,0.387,0.091,0.117,0.142,A
789,C,0.001,0.685,0.163,0.123,C,C,T,0.18,0.148,0.163,0.457,T
790,C,0.149,0.578,0.065,0.055,C,C,A,0.39,0.005,0.187,0.152,A
791,G,0.126,0.123,0.487,0.128,G,G,C,0.115,0.642,0.071,0.076,C
792,G,0.116,0.165,0.362,0.192,G,G,A,0.035,0.024,0.037,0.095,T
793,C,0.185,0.526,0.162,0.183,C,C,T,0.125,0.162,0.086,0.477,T
794,G,0.096,0.123,0.455,0.026,G,G,T,0.104,0.1,0.191,0.624,T
795,C,0.025,0.428,0.002,0.023,C,C,G,0.102,0.181,0.412,0.077,G
796,C,0.061,0.329,0.138,0.157,C,C,G,0.009,0.114,0.657,0.106,G
797,A,0.63,0.15,0.051,0.085,A,A,A,0.375,0.077,0.058,0.137,A
798,T,0.149,0.072,0.049,0.405,T,T,T,0.035,0.11,0.125,0.545,T
799,A,0.485,0.041,0.161,0.099,A,A,G,0.038,0.185,0.384,0.057,G
800,G,0.056,0.18,0.331,0.155,G,G,T,0.114,0.169,0.001,0.676,T
801,G,0.151,0.051,0.498,0.015,G,G,T,0.011,0.154,0.094,0.555,T
802,A,0.486,0.055,0.014,0.063,A,A,A,0.443,0.027,0.162,0.165,A
803,T,0.124,0.199,0.119,0.427,T,T,T,0.097,0.102,0.101,0.682,T
804,A,0.491,0.15,0.135,0.132,A,A,C,0.042,0.323,0.027,0.17,C
805,T,0.18,0.046,0.178,0.45,T,T,A,0.531,0.072,0.011,0.115,A
806,T,0.187,0.035,0.033,0.315,T,T,G,0.189,0.115,0.322,0.086,G
807,T,0.091,0.048,0.012,0.399,T,T,A,0.328,0.064,0.079,0.033,A
808,C,0.028,0.309,0.021,0.095,C,C,A,0.525,0.117,0.075,0.069,A
809,A,0.354,0.035,0.021,0.051,A,A,G,0.188,0.192,0.402,0.064,G
810,C,0.118,0.451,0.149,0.042,C,C,G,0.197,0.054,0.583,0.163,G
811,T,0.029,0.083,0.135,0.657,T,T,T,0.131,0.137,0.097,0.614,T
812,G,0.123,0.16,0.339,0.023,G,G,A,0.361,0.186,0.001,0.071,A
813,C,0.029,0.548,0.017,0.03,C,C,G,0.146,0.013,0.644,0.132,G
814,G,0.036,0.196,0.444,0.166,G,G,A,0.305,0.126,0.144,0.171,A
815,C,0.16,0.548,0.135,0.047,C,C,C,0.18,0.414,0.08,0.092,C
816,G,0.132,0.03,0.312,0.067,G,G,T,0.169,0.026,0.118,0.328,T
817,T,0.02,0.197,0.072,0.399,T,T,T,0.122,0.089,0.138,0.401,T
818,A,0.618,0.03,0.095,0.077,A,A,T,0.095,0.045,0.102,0.541,T
819,C,0.075,0.34,0.033,0.171,C,C,G,0.113,0.131,0.059,0.115,C
820,C,0.163,0.388,0.022,0.189,C,C,C,0.167,0.397,0.112,0.036,C
821,C,0.128,0.584,0.121,0.154,C,C,T,0.058,0.14,0.101,0.388,T
822,T,0.099,0.144,0.161,0.374,T,T,T,0.097,0.179,0.095,0.466,T
823,T,0.103,0.107,0.085,0.536,T,T,A,0.529,0.057,0.037,0.018,A
824,C,0.132,0.511,0.11,0.037,C,C,T,0.07,0.083,0.124,0.423,T
825,G,0.188,0.082,0.521,0.065,G,G,G,0.039,0.193,0.354,0.009,G
826,T,0.2,0.186,0.033,0.591,T,T,C,0.148,0.519,0.183,0.115,C
827,C,0.034,0.637,0.059,0.179,C,C,G,0.069,0.2,0.601,0.163,G
828,T,0.091,0.161,0.115,0.63,T,T,A,0.302,0.024,0.182,0.081,A
829,T,0.079,0.057,0.051,0.41,T,T,G,0.007,0.03,0.524,0.077,G
830,C,0.178,0.358,0.144,0.037,C,C,C,0.095,0.384,0.145,0.033,C
831,T,0.109,0.102,0.168,0.45,T,T,A,0.36,0.179,0.103,0.114,A
832,G,0.067,0.065,0.49,0.185,G,G,G,0,0,0,0,N
833,C,0.188,0.304,0.081,0.169,C,C,G,0.041,0.084,0.597,0.069,G
834,T,0.125,0.168,0.071,0.592,T,T,A,0.513,0.175,0.061,0.005,A
835,G,0.159,0.114,0.423,0.02,G,G,T,0.05,0.116,0.028,0.562,T
836,A,0.699,0.033,0.029,0.089,A,A,A,0.383,0.162,0.032,0.131,A
837,A,0.521,0.135,0.057,0.007,A,A,T,0.055,0.056,0.002,0.355,T
838,G,0.171,0.007,0.472,0.159,G,G,C,0.087,0.436,0.116,0.039,C
839,C,0.185,0.473,0.046,0.193,C,C,T,0.051,0.014,0.143,0.668,T
840,C,0.132,0.647,0.056,0.01,C,C,T,0.058,0.106,0.064,0.419,T
841,T,0,0,0,0,N,N,A,0.418,0.041,0.159,0.032,A
842,A,0.622,0.13,0.157,0.147,A,A,T,0.125,0.105,0.02,0.507,T
843,T,0.169,0.198,0.095,0.31,T,T,T,0.07,0.195,0.108,0.434,T
844,C,0.085,0.642,0.137,0.127,C,C,G,0.01,0.183,0.61,0.13,G
845,T,0.197,0.113,0.141,0.512,T,T,G,0.152,0,0.644,0.121,G
846,T,0.189,0.143,0.093,0.439,T,T,C,0.161,0.621,0.016,0.012,C
847,A,0.323,0.137,0.003,0.07,A,A,C,0.044,0.514,0.147,0.166,C
848,A,0.651,0.073,0.034,0.156,A,A,G,0.096,0.176,0.517,0.143,G
849,C,0.116,0.408,0.082,0.033,C,C,G,0.071,0.149,0.59,0.074,G
850,T,0.074,0.158,0.16,0.531,T,T,A,0.074,0.031,0.095,0.131,T
851,G,0,0,0,0,N,N,A,0.067,0.076,0.126,0.178,T
852,T,0.049,0.154,0.192,0.444,T,T,C,0.146,0.48,0.167,0.137,C
853,C,0.074,0.613,0.051,0.034,C,C,A,0.401,0.127,0.011,0.06,A
854,C,0.101,0.562,0.173,0.18,C,C,T,0.075,0.055,0.113,0.393,T
855,T,0.173,0.184,0.137,0.322,T,T,G,0.078,0.181,0.442,0.079,G
856,C,0.053,0.437,0.073,0.196,C,C,C,0.169,0.52,0.065,0.13,C
857,T,0.184,0.035,0.008,0.362,T,T,T,0.086,0.162,0.001,0.572,T
858,C,0.189,0.44,0.027,0.137,C,C,G,0.151,0.037,0.698,0.026,G
859,A,0.633,0.182,0.06,0.124,A,A,G,0.195,0.136,0.669,0.039,G
860,T,0.028,0.147,0.098,0.381,T,T,T,0.028,0.074,0.089,0.469,T
861,G,0.007,0.095,0.487,0.14,G,G,A,0.501,0.16,0.088,0.013,A
862,A,0.421,0.021,0.154,0.073,A,A,G,0.091,0.06,0.339,0.166,G
863,G,0.022,0.026,0.511,0.13,G,G,T,0.124,0.039,0.01,0.538,T
864,C,0,0,0,0,N,N,A,0.577,0.141,0.103,0.042,A
865,G,0.181,0.038,0.439,0.049,G,G,A,0.45,0.055,0.015,0.154,A
866,G,0.117,0.021,0.319,0.097,G,G,C,0.049,0.538,0.064,0.1,C
867,T,0.147,0.148,0.073,0.548,T,T,A,0.561,0.185,0.165,0.031,A
868,T,0.103,0.025,0.125,0.435,T,T,T,0.016,0.064,0.107,0.663,T
869,C,0.023,0.623,0.188,0.185,C,C,T,0.013,0.16,0.068,0.311,T
870,A,0.669,0.034,0.191,0.199,A,A,A,0.309,0.07,0.065,0.188,A
871,G,0.005,0.148,0.581,0.144,G,G,A,0.104,0.135,0.038,0.199,T
872,T,0.061,0.185,0.097,0.527,T,T,G,0.025,0.057,0.661,0.012,G
873,G,0.106,0.179,0.559,0.089,G,G,T,0.141,0.103,0.136,0.437,T
874,C,0.074,0.655,0.105,0.16,C,C,G,0.091,0.152,0.578,0.004,G
875,G,0.093,0.143,0.568,0.169,G,G,G,0.155,0.032,0.421,0.116,G
876,C,0.052,0.448,0.031,0.08,C,C,T,0.137,0.051,0.064,0.654,T
877,C,0.178,0.518,0.112,0.096,C,C,A,0.533,0.124,0.19,0.15,A
878,T,0.153,0.1,0.183,0.529,T,T,C,0.121,0.519,0.074,0.15,C
879,A,0.442,0.075,0.105,0.047,A,A,A,0.696,0.035,0.129,0.08,A
880,G,0.083,0.162,0.315,0.071,G,G,T,0.121,0.002,0.151,0.372,T
881,G,0.067,0.048,0.654,0.09,G,G,G,0.162,0.122,0.404,0.116,G
882,C,0.09,0.618,0.04,0.019,C,C,A,0.654,0.082,0.115,0.015,A
883,C,0.051,0.507,0.116,0.137,C,C,C,0.021,0.505,0.102,0.17,C
884,T,0.037,0.057,0.15,0.446,T,T,T,0.197,0.057,0.075,0.578,T
885,C,0.054,0.572,0.151,0.014,C,C,A,0.462,0.07,0.147,0.183,A
886,C,0.124,0.492,0.103,0.183,C,C,G,0.136,0.186,0.43,0.147,G
887,C,0.048,0.304,0.051,0.009,C,C,C,0.023,0.453,0.177,0.074,C
888,G,0.138,0.112,0.493,0.193,G,G,G,0.123,0.18,0.323,0.104,G
889,G,0.126,0.177,0.353,0.199,G,G,G,0.127,0.102,0.478,0.024,G
890,C,0.002,0.633,0.149,0.196,C,C,C,0,0,0,0,N
891,C,0.01,0.329,0.188,0.075,C,C,A,0.562,0.052,0.037,0.019,A
892,G,0.016,0.003,0.66,0.019,G,G,A,0.414,0.135,0.071,0.064,A
893,A,0.689,0.154,0.192,0.001,A,A,C,0.085,0.41,0.178,0.042,C
894,C,0.034,0.349,0.071,0.012,C,C,C,0.029,0.634,0.067,0.08,C
895,C,0.031,0.469,0.157,0.08,C,C,T,0.169,0.146,0.091,0.352,T
896,G,0.145,0.034,0.657,0.185,G,G,C,0.022,0.399,0.12,0.026,C
897,A,0.408,0.045,0.032,0.014,A,A,T,0.073,0.16,0.004,0.477,T
898,T,0.042,0.01,0.155,0.343,T,T,G,0.179,0.2,0.623,0.178,G
899,C,0.069,0.68,0.017,0.169,C,C,C,0.059,0.607,0.189,0.054,C
900,T,0.043,0.168,0.132,0.445,T,T,T,0.071,0.13,0.042,0.31,T
901,T,0.152,0.069,0.053,0.542,T,T,G,0.094,0.174,0.676,0.008,G
902,A,0.668,0.115,0.001,0.147,A,A,G,0,0,0,0,N
903,A,0.684,0.01,0.099,0.183,A,A,A,0.513,0.189,0.07,0.165,A
904,T,0.15,0.098,0.097,0.482,T,T,T,0.014,0.094,0.1,0.688,T
905,T,0.088,0.092,0.128,0.544,T,T,G,0.154,0.174,0.372,0.085,G
906,T,0,0,0,0,N,N,T,0.076,0.133,0.129,0.498,T
907,A,0.603,0.043,0.033,0.142,A,A,C,0.173,0.548,0.083,0.132,C
908,G,0.12,0.153,0.55,0.007,G,G,G,0.072,0.046,0.51,0.119,G
909,T,0.057,0.18,0.119,0.615,T,T,G,0.055,0.021,0.611,0.182,G
910,T,0.181,0.061,0.171,0.687,T,T,G,0.087,0.002,0.441,0.16,G
911,T,0.155,0.02,0.027,0.19,T,T,C,0.02,0.334,0.115,0.016,C
912,C,0.082,0.535,0.2,0.041,C,C,A,0.451,0.085,0.068,0.102,A
913,C,0.101,0.44,0.166,0.02,C,C,G,0,0,0,0,N
914,T,0.193,0.113,0.09,0.461,T,T,T,0.027,0.107,0.033,0.6,T
915,T,0.156,0.087,0.19,0.592,T,T,T,0.037,0.044,0.043,0.448,T
916,C,0.2,0.685,0.101,0.176,C,C,G,0.174,0.184,0.347,0.126,G
917,A,0.559,0.085,0.072,0.007,A,A,A,0.433,0.172,0.183,0.138,A
918,G,0.108,0.09,0.381,0.028,G,G,G,0.013,0.157,0.433,0.052,G
919,C,0.155,0.532,0.019,0.151,C,C,G,0.004,0.091,0.625,0.088,G
920,A,0.689,0.071,0.094,0.104,A,A,A,0.363,0.096,0.171,0.075,A
921,A,0.44,0.181,0.138,0.108,A,A,C,0.095,0.511,0.19,0.117,C
922,A,0.394,0.073,0.158,0.15,A,A,T,0.129,0.153,0.133,0.643,T
923,T,0.173,0.043,0.16,0.406,T,T,G,0.083,0.043,0.624,0.132,G
924,T,0.085,0.012,0.013,0.621,T,T,C,0.003,0.449,0.033,0.139,C
925,A,0.46,0.142,0.183,0.128,A,A,T,0.194,0.057,0.199,0.416,T
926,G,0.155,0.022,0.486,0.037,G,G,C,0.016,0.525,0.04,0.046,C
927,G,0.195,0.127,0.578,0.124,G,G,G,0.076,0.065,0.429,0.065,G
928,C,0.161,0.584,0.02,0.133,C,C,G,0.187,0.132,0.579,0.085,G
929,T,0.078,0.127,0.107,0.528,T,T,C,0.189,0.349,0.167,0.196,C
930,C,0.071,0.368,0.052,0.058,C,C,C,0.083,0.477,0.069,0.136,C
931,G,0.027,0.083,0.375,0.151,G,G,C,0.119,0.606,0.012,0.053,C
932,C,0.165,0.645,0.148,0.124,C,C,T,0.007,0.096,0.155,0.475,T
933,C,0.175,0.592,0.043,0.023,C,C,T,0.026,0.079,0.131,0.414,T
934,C,0.15,0.637,0.069,0.117,C,C,G,0.149,0.02,0.403,0.007,G
935,T,0.102,0.113,0.185,0.596,T,T,G,0.057,0.016,0.666,0.023,G
936,C,0.169,0.317,0.181,0.05,C,C,A,0.093,0.061,0.1,0.117,T
937,C,0.037,0.595,0.161,0.055,C,C,T,0.123,0.089,0.144,0.515,T
938,A,0.634,0.027,0.057,0.19,A,A,A,0.506,0.01,0.192,0.12,A
939,A,0.508,0.019,0.002,0.11,A,A,C,0.106,0.459,0.075,0.175,C
940,A,0.311,0.019,0.178,0.099,A,A,C,0.106,0.682,0.003,0.036,C
941,A,0.386,0.065,0.089,0.108,A,A,A,0.364,0.2,0.029,0.093,A
942,T,0.145,0.13,0.156,0.434,T,T,G,0.09,0.199,0.386,0.038,G
943,A,0.612,0.193,0.191,0.142,A,A,G,0.022,0.185,0.492,0.04,G
944,A,0.476,0.186,0.165,0.1,A,A,C,0.139,0.401,0.158,0.027,C
945,T,0.185,0.019,0.173,0.571,T,T,T,0.16,0.14,0.134,0.482,T
946,T,0.035,0.112,0.096,0.685,T,T,T,0.005,0.091,0.098,0.571,T
947,A,0.318,0.134,0.095,0.186,A,A,T,0.08,0.068,0.038,0.641,T
948,T,0.141,0.114,0.192,0.414,T,T,A,0.511,0.053,0.125,0.06,A
949,A,0.432,0.02,0,0.014,A,A,A,0.633,0.023,0.072,0.064,A
950,C,0.009,0.554,0.015,0.174,C,C,C,0.088,0.404,0.096,0.004,C
951,A,0.55,0.041,0.132,0.028,A,A,C,0.103,0.575,0.076,0.083,C
952,C,0.073,0.311,0.159,0.008,C,C,A,0.383,0.103,0.035,0.022,A
953,G,0.096,0.039,0.322,0.061,G,G,G,0.138,0.179,0.353,0.123,G
954,C,0.024,0.414,0.1,0.087,C,C,T,0.055,0.118,0.075,0.3,T
955,A,0.371,0.069,0.139,0.11,A,A,G,0.03,0.039,0.343,0.032,G
956,A,0.668,0.183,0.14,0.106,A,A,C,0.106,0.51,0.073,0.098,C
957,A,0.543,0.12,0.137,0.053,A,A,G,0.194,0.126,0.499,0.01,G
958,C,0,0,0,0,N,N,A,0.568,0.15,0.186,0.141,A
959,C,0.013,0.325,0.06,0.015,C,C,A,0.594,0.149,0.07,0.098,A
960,G,0.005,0.079,0.647,0.103,G,G,A,0.572,0.168,0.109,0.04,A
961,A,0.396,0.103,0.128,0.092,A,A,T,0.165,0.077,0.122,0.337,T
962,A,0.646,0.128,0.16,0.042,A,A,C,0.143,0.446,0.048,0.065,C
963,C,0.189,0.588,0.155,0.126,C,C,A,0.415,0.12,0.137,0.039,A
964,G,0.067,0.119,0.49,0.153,G,G,A,0.589,0.121,0.181,0.168,A
965,T,0.165,0.043,0.151,0.048,A,A,G,0.147,0.007,0.684,0.14,G
966,T,0.142,0.058,0.19,0.559,T,T,G,0.006,0.02,0.456,0.09,G
967,A,0.574,0.161,0.11,0.139,A,A,A,0.343,0.065,0.169,0.159,A
968,T,0.178,0.05,0.185,0.341,T,T,C,0.165,0.542,0.08,0.049,C
969,A,0,0,0,0,N,N,C,0.092,0.486,0.096,0.085,C
970,A,0.382,0.065,0.036,0.078,A,A,C,0.178,0.565,0.047,0.123,C
971,T,0.185,0.016,0.159,0.31,T,T,G,0.107,0.08,0.514,0.115,G
972,A,0.546,0.043,0.166,0.03,A,A,A,0.039,0.136,0.167,0.109,G
973,T,0.125,0.082,0.184,0.496,T,T,A,0.015,0.059,0.062,0.159,T
974,C,0.081,0.585,0.103,0.095,C,C,A,0.621,0.16,0.038,0.153,A
975,C,0.011,0.657,0.19,0.063,C,C,T,0.199,0.125,0.153,0.695,T
976,G,0.178,0.082,0.542,0.152,G,G,A,0.569,0.016,0.191,0.18,A
977,G,0.167,0.033,0.517,0.11,G,G,G,0.074,0.188,0.417,0.057,G
978,G,0.189,0.165,0.343,0.102,G,G,T,0.09,0.19,0.118,0.441,T
979,T,0.186,0.091,0.025,0.444,T,T,G,0.179,0.158,0.345,0.06,G
980,A,0.65,0.117,0.036,0.002,A,A,A,0.647,0.11,0.103,0.032,A
981,T,0.027,0.142,0.072,0.348,T,T,G,0.153,0.146,0.372,0.124,G
982,T,0.004,0.073,0.172,0.583,T,T,A,0.5,0.099,0.015,0.074,A
983,T,0.033,0.052,0.005,0.592,T,T,T,0.073,0.016,0.154,0.588,T
984,G,0.074,0.193,0.647,0.108,G,G,T,0.149,0.041,0.172,0.32,T
985,C,0.178,0.395,0.042,0.04,C,C,T,0.161,0.166,0.131,0.662,T
986,C,0.164,0.484,0.089,0.059,C,C,G,0.177,0.133,0.544,0.111,G
987,G,0.171,0.053,0.628,0.114,G,G,T,0.141,0.124,0.175,0.478,T
988,C,0.128,0.346,0.079,0.119,C,C,A,0.556,0.123,0.03,0.165,A
989,G,0.17,0.089,0.438,0.186,G,G,G,0.11,0.112,0.385,0.116,G
990,C,0.17,0.413,0.025,0.165,C,C,A,0.575,0.185,0.057,0.126,A
991,C,0.195,0.405,0.059,0.083,C,C,A,0.447,0.101,0.126,0.068,A
992,G,0.163,0.188,0.389,0.158,G,G,C,0.031,0.381,0.113,0.076,C
993,T,0.181,0.14,0.064,0.604,T,T,C,0.186,0.469,0.144,0.168,C
994,A,0.534,0.032,0.026,0.175,A,A,T,0.11,0.08,0.196,0.686,T
995,T,0.104,0.178,0.181,0.491,T,T,T,0,0,0,0,N
996,A,0.693,0.048,0.022,0.001,A,A,C,0.032,0.691,0.193,0.083,C
997,C,0.03,0.563,0.114,0.154,C,C,A,0.697,0.02,0.132,0.184,A
998,A,0.496,0.136,0.068,0.005,A,A,T,0.192,0.049,0.115,0.473,T
999,G,0.1,0.001,0.383,0.155,G,G,A,0.019,0.17,0.171,0.094,G
